analysis_type,seed,fold,threshold,n_speakers,recall,specificity,precision,f1,roc_auc,accuracy,balanced_accuracy,true_negatives,false_positives,false_negatives,true_positives,confusion_matrix_tn_fp_fn_tp,selection_note,train_recall,train_specificity,train_precision,train_f1
fixed_global_sweep,42,1,0.5,38,0.7333333333333333,0.6956521739130435,0.6111111111111112,0.6666666666666666,0.7913043478260869,0.7105263157894737,0.7144927536231884,16,7,4,11,"16,7,4,11",,,,,
fixed_global_sweep,42,2,0.5,38,0.7142857142857143,0.75,0.625,0.6666666666666666,0.6785714285714286,0.7368421052631579,0.7321428571428572,18,6,4,10,"18,6,4,10",,,,,
fixed_global_sweep,42,3,0.5,38,0.7727272727272727,0.625,0.7391304347826086,0.7555555555555555,0.8068181818181819,0.7105263157894737,0.6988636363636364,10,6,5,17,"10,6,5,17",,,,,
fixed_global_sweep,42,4,0.5,39,0.6875,0.4782608695652174,0.4782608695652174,0.5641025641025641,0.5991847826086958,0.5641025641025641,0.5828804347826086,11,12,5,11,"11,12,5,11",,,,,
fixed_global_sweep,42,5,0.5,38,0.5882352941176471,0.7619047619047619,0.6666666666666666,0.625,0.6204481792717087,0.6842105263157895,0.6750700280112045,16,5,7,10,"16,5,7,10",,,,,
fixed_global_sweep,43,1,0.5,38,0.9,0.5,0.391304347826087,0.5454545454545454,0.7339285714285715,0.6052631578947368,0.7,14,14,1,9,"14,14,1,9",,,,,
fixed_global_sweep,43,2,0.5,38,0.6363636363636364,0.6875,0.7368421052631579,0.6829268292682927,0.6164772727272727,0.6578947368421053,0.6619318181818181,11,5,8,14,"11,5,8,14",,,,,
fixed_global_sweep,43,3,0.5,39,0.631578947368421,0.9,0.8571428571428571,0.7272727272727273,0.7289473684210526,0.7692307692307693,0.7657894736842106,18,2,7,12,"18,2,7,12",,,,,
fixed_global_sweep,43,4,0.5,38,0.625,0.8181818181818182,0.7142857142857143,0.6666666666666666,0.6946022727272726,0.7368421052631579,0.7215909090909092,18,4,6,10,"18,4,6,10",,,,,
fixed_global_sweep,43,5,0.5,38,0.7058823529411765,0.7142857142857143,0.6666666666666666,0.6857142857142857,0.7338935574229692,0.7105263157894737,0.7100840336134454,15,6,5,12,"15,6,5,12",,,,,
fixed_global_sweep,44,1,0.5,38,0.4375,0.5909090909090909,0.4375,0.4375,0.5653409090909092,0.5263157894736842,0.5142045454545454,13,9,9,7,"13,9,9,7",,,,,
fixed_global_sweep,44,2,0.5,37,0.5714285714285714,0.6521739130434783,0.5,0.5333333333333333,0.6909937888198758,0.6216216216216216,0.6118012422360248,15,8,6,8,"15,8,6,8",,,,,
fixed_global_sweep,44,3,0.5,39,0.7857142857142857,0.52,0.4782608695652174,0.5945945945945946,0.7742857142857142,0.6153846153846154,0.6528571428571428,13,12,3,11,"13,12,3,11",,,,,
fixed_global_sweep,44,4,0.5,39,0.7894736842105263,0.65,0.6818181818181818,0.7317073170731707,0.7618421052631579,0.717948717948718,0.7197368421052632,13,7,4,15,"13,7,4,15",,,,,
fixed_global_sweep,44,5,0.5,38,0.5714285714285714,0.9411764705882353,0.9230769230769231,0.7058823529411765,0.6470588235294117,0.7368421052631579,0.7563025210084033,16,1,9,12,"16,1,9,12",,,,,
fixed_global_sweep,45,1,0.5,38,0.7272727272727273,0.6296296296296297,0.4444444444444444,0.5517241379310345,0.7845117845117845,0.6578947368421053,0.6784511784511784,17,10,3,8,"17,10,3,8",,,,,
fixed_global_sweep,45,2,0.5,38,0.7272727272727273,0.875,0.8888888888888888,0.8,0.8167613636363638,0.7894736842105263,0.8011363636363636,14,2,6,16,"14,2,6,16",,,,,
fixed_global_sweep,45,3,0.5,39,0.5,0.72,0.5,0.5,0.5828571428571429,0.6410256410256411,0.61,18,7,7,7,"18,7,7,7",,,,,
fixed_global_sweep,45,4,0.5,38,0.7222222222222222,0.6,0.6190476190476191,0.6666666666666666,0.7416666666666667,0.6578947368421053,0.6611111111111111,12,8,5,13,"12,8,5,13",,,,,
fixed_global_sweep,45,5,0.5,38,0.5789473684210527,0.6842105263157895,0.6470588235294118,0.6111111111111112,0.5858725761772854,0.631578947368421,0.631578947368421,13,6,8,11,"13,6,8,11",,,,,
fixed_global_sweep,46,1,0.5,38,0.5882352941176471,0.9047619047619048,0.8333333333333334,0.6896551724137931,0.6946778711484594,0.7631578947368421,0.7464985994397759,19,2,7,10,"19,2,7,10",,,,,
fixed_global_sweep,46,2,0.5,37,0.8571428571428571,0.391304347826087,0.46153846153846156,0.6,0.7795031055900621,0.5675675675675675,0.6242236024844721,9,14,2,12,"9,14,2,12",,,,,
fixed_global_sweep,46,3,0.5,39,0.6666666666666666,0.5238095238095238,0.5454545454545454,0.6,0.6190476190476191,0.5897435897435898,0.5952380952380952,11,10,6,12,"11,10,6,12",,,,,
fixed_global_sweep,46,4,0.5,38,0.7058823529411765,0.6666666666666666,0.631578947368421,0.6666666666666666,0.6974789915966386,0.6842105263157895,0.6862745098039216,14,7,5,12,"14,7,5,12",,,,,
fixed_global_sweep,46,5,0.5,39,0.3888888888888889,0.9523809523809523,0.875,0.5384615384615384,0.5925925925925926,0.6923076923076923,0.6706349206349206,20,1,11,7,"20,1,11,7",,,,,
fixed_global_sweep,42,1,0.475,38,0.7333333333333333,0.6521739130434783,0.5789473684210527,0.6470588235294118,0.7913043478260869,0.6842105263157895,0.6927536231884057,15,8,4,11,"15,8,4,11",,,,,
fixed_global_sweep,42,2,0.475,38,0.7142857142857143,0.75,0.625,0.6666666666666666,0.6785714285714286,0.7368421052631579,0.7321428571428572,18,6,4,10,"18,6,4,10",,,,,
fixed_global_sweep,42,3,0.475,38,0.8636363636363636,0.5625,0.7307692307692307,0.7916666666666666,0.8522727272727273,0.7368421052631579,0.7130681818181819,9,7,3,19,"9,7,3,19",,,,,
fixed_global_sweep,42,4,0.475,39,0.6875,0.4782608695652174,0.4782608695652174,0.5641025641025641,0.5991847826086958,0.5641025641025641,0.5828804347826086,11,12,5,11,"11,12,5,11",,,,,
fixed_global_sweep,42,5,0.475,38,0.5882352941176471,0.7142857142857143,0.625,0.6060606060606061,0.6204481792717087,0.6578947368421053,0.6512605042016807,15,6,7,10,"15,6,7,10",,,,,
fixed_global_sweep,43,1,0.475,38,0.9,0.42857142857142855,0.36,0.5142857142857142,0.7339285714285715,0.5526315789473685,0.6642857142857143,12,16,1,9,"12,16,1,9",,,,,
fixed_global_sweep,43,2,0.475,38,0.6363636363636364,0.6875,0.7368421052631579,0.6829268292682927,0.6164772727272727,0.6578947368421053,0.6619318181818181,11,5,8,14,"11,5,8,14",,,,,
fixed_global_sweep,43,3,0.475,39,0.631578947368421,0.85,0.8,0.7058823529411765,0.7289473684210526,0.7435897435897436,0.7407894736842104,17,3,7,12,"17,3,7,12",,,,,
fixed_global_sweep,43,4,0.475,38,0.625,0.7272727272727273,0.625,0.625,0.6946022727272726,0.6842105263157895,0.6761363636363636,16,6,6,10,"16,6,6,10",,,,,
fixed_global_sweep,43,5,0.475,38,0.7058823529411765,0.6666666666666666,0.631578947368421,0.6666666666666666,0.7254901960784315,0.6842105263157895,0.6862745098039216,14,7,5,12,"14,7,5,12",,,,,
fixed_global_sweep,44,1,0.475,38,0.4375,0.5454545454545454,0.4117647058823529,0.42424242424242425,0.5653409090909092,0.5,0.4914772727272727,12,10,9,7,"12,10,9,7",,,,,
fixed_global_sweep,44,2,0.475,37,0.5714285714285714,0.6521739130434783,0.5,0.5333333333333333,0.6909937888198758,0.6216216216216216,0.6118012422360248,15,8,6,8,"15,8,6,8",,,,,
fixed_global_sweep,44,3,0.475,39,0.7857142857142857,0.52,0.4782608695652174,0.5945945945945946,0.7742857142857142,0.6153846153846154,0.6528571428571428,13,12,3,11,"13,12,3,11",,,,,
fixed_global_sweep,44,4,0.475,39,0.7894736842105263,0.65,0.6818181818181818,0.7317073170731707,0.7618421052631579,0.717948717948718,0.7197368421052632,13,7,4,15,"13,7,4,15",,,,,
fixed_global_sweep,44,5,0.475,38,0.5714285714285714,0.8823529411764706,0.8571428571428571,0.6857142857142857,0.6470588235294117,0.7105263157894737,0.726890756302521,15,2,9,12,"15,2,9,12",,,,,
fixed_global_sweep,45,1,0.475,38,0.7272727272727273,0.6296296296296297,0.4444444444444444,0.5517241379310345,0.7845117845117845,0.6578947368421053,0.6784511784511784,17,10,3,8,"17,10,3,8",,,,,
fixed_global_sweep,45,2,0.475,38,0.7272727272727273,0.875,0.8888888888888888,0.8,0.8167613636363638,0.7894736842105263,0.8011363636363636,14,2,6,16,"14,2,6,16",,,,,
fixed_global_sweep,45,3,0.475,39,0.5,0.68,0.4666666666666667,0.4827586206896552,0.5814285714285714,0.6153846153846154,0.5900000000000001,17,8,7,7,"17,8,7,7",,,,,
fixed_global_sweep,45,4,0.475,38,0.7222222222222222,0.6,0.6190476190476191,0.6666666666666666,0.7416666666666667,0.6578947368421053,0.6611111111111111,12,8,5,13,"12,8,5,13",,,,,
fixed_global_sweep,45,5,0.475,38,0.5789473684210527,0.631578947368421,0.6111111111111112,0.5945945945945946,0.5858725761772854,0.6052631578947368,0.6052631578947368,12,7,8,11,"12,7,8,11",,,,,
fixed_global_sweep,46,1,0.475,38,0.5882352941176471,0.9047619047619048,0.8333333333333334,0.6896551724137931,0.6946778711484594,0.7631578947368421,0.7464985994397759,19,2,7,10,"19,2,7,10",,,,,
fixed_global_sweep,46,2,0.475,37,0.8571428571428571,0.391304347826087,0.46153846153846156,0.6,0.7795031055900621,0.5675675675675675,0.6242236024844721,9,14,2,12,"9,14,2,12",,,,,
fixed_global_sweep,46,3,0.475,39,0.6666666666666666,0.5238095238095238,0.5454545454545454,0.6,0.6190476190476191,0.5897435897435898,0.5952380952380952,11,10,6,12,"11,10,6,12",,,,,
fixed_global_sweep,46,4,0.475,38,0.7058823529411765,0.6666666666666666,0.631578947368421,0.6666666666666666,0.6974789915966386,0.6842105263157895,0.6862745098039216,14,7,5,12,"14,7,5,12",,,,,
fixed_global_sweep,46,5,0.475,39,0.4444444444444444,0.9047619047619048,0.8,0.5714285714285714,0.6322751322751323,0.6923076923076923,0.6746031746031746,19,2,10,8,"19,2,10,8",,,,,
fixed_global_sweep,42,1,0.45,38,0.7333333333333333,0.6521739130434783,0.5789473684210527,0.6470588235294118,0.7913043478260869,0.6842105263157895,0.6927536231884057,15,8,4,11,"15,8,4,11",,,,,
fixed_global_sweep,42,2,0.45,38,0.7142857142857143,0.7083333333333334,0.5882352941176471,0.6451612903225806,0.6785714285714286,0.7105263157894737,0.7113095238095238,17,7,4,10,"17,7,4,10",,,,,
fixed_global_sweep,42,3,0.45,38,0.8636363636363636,0.5625,0.7307692307692307,0.7916666666666666,0.8522727272727273,0.7368421052631579,0.7130681818181819,9,7,3,19,"9,7,3,19",,,,,
fixed_global_sweep,42,4,0.45,39,0.6875,0.4782608695652174,0.4782608695652174,0.5641025641025641,0.5991847826086958,0.5641025641025641,0.5828804347826086,11,12,5,11,"11,12,5,11",,,,,
fixed_global_sweep,42,5,0.45,38,0.5882352941176471,0.7142857142857143,0.625,0.6060606060606061,0.6204481792717087,0.6578947368421053,0.6512605042016807,15,6,7,10,"15,6,7,10",,,,,
fixed_global_sweep,43,1,0.45,38,0.9,0.42857142857142855,0.36,0.5142857142857142,0.7339285714285715,0.5526315789473685,0.6642857142857143,12,16,1,9,"12,16,1,9",,,,,
fixed_global_sweep,43,2,0.45,38,0.6363636363636364,0.6875,0.7368421052631579,0.6829268292682927,0.6164772727272727,0.6578947368421053,0.6619318181818181,11,5,8,14,"11,5,8,14",,,,,
fixed_global_sweep,43,3,0.45,39,0.6842105263157895,0.85,0.8125,0.7428571428571429,0.7289473684210526,0.7692307692307693,0.7671052631578947,17,3,6,13,"17,3,6,13",,,,,
fixed_global_sweep,43,4,0.45,38,0.625,0.7272727272727273,0.625,0.625,0.6946022727272726,0.6842105263157895,0.6761363636363636,16,6,6,10,"16,6,6,10",,,,,
fixed_global_sweep,43,5,0.45,38,0.7647058823529411,0.6666666666666666,0.65,0.7027027027027027,0.7254901960784315,0.7105263157894737,0.7156862745098038,14,7,4,13,"14,7,4,13",,,,,
fixed_global_sweep,44,1,0.45,38,0.5,0.5454545454545454,0.4444444444444444,0.47058823529411764,0.5653409090909092,0.5263157894736842,0.5227272727272727,12,10,8,8,"12,10,8,8",,,,,
fixed_global_sweep,44,2,0.45,37,0.5714285714285714,0.6521739130434783,0.5,0.5333333333333333,0.6909937888198758,0.6216216216216216,0.6118012422360248,15,8,6,8,"15,8,6,8",,,,,
fixed_global_sweep,44,3,0.45,39,0.7857142857142857,0.52,0.4782608695652174,0.5945945945945946,0.7742857142857142,0.6153846153846154,0.6528571428571428,13,12,3,11,"13,12,3,11",,,,,
fixed_global_sweep,44,4,0.45,39,0.7894736842105263,0.65,0.6818181818181818,0.7317073170731707,0.7618421052631579,0.717948717948718,0.7197368421052632,13,7,4,15,"13,7,4,15",,,,,
fixed_global_sweep,44,5,0.45,38,0.6190476190476191,0.8823529411764706,0.8666666666666667,0.7222222222222222,0.6708683473389356,0.7368421052631579,0.7507002801120448,15,2,8,13,"15,2,8,13",,,,,
fixed_global_sweep,45,1,0.45,38,0.7272727272727273,0.6296296296296297,0.4444444444444444,0.5517241379310345,0.7845117845117845,0.6578947368421053,0.6784511784511784,17,10,3,8,"17,10,3,8",,,,,
fixed_global_sweep,45,2,0.45,38,0.7272727272727273,0.875,0.8888888888888888,0.8,0.8167613636363638,0.7894736842105263,0.8011363636363636,14,2,6,16,"14,2,6,16",,,,,
fixed_global_sweep,45,3,0.45,39,0.5,0.68,0.4666666666666667,0.4827586206896552,0.5814285714285714,0.6153846153846154,0.5900000000000001,17,8,7,7,"17,8,7,7",,,,,
fixed_global_sweep,45,4,0.45,38,0.7222222222222222,0.6,0.6190476190476191,0.6666666666666666,0.7416666666666667,0.6578947368421053,0.6611111111111111,12,8,5,13,"12,8,5,13",,,,,
fixed_global_sweep,45,5,0.45,38,0.5789473684210527,0.631578947368421,0.6111111111111112,0.5945945945945946,0.5858725761772854,0.6052631578947368,0.6052631578947368,12,7,8,11,"12,7,8,11",,,,,
fixed_global_sweep,46,1,0.45,38,0.5882352941176471,0.9047619047619048,0.8333333333333334,0.6896551724137931,0.6946778711484594,0.7631578947368421,0.7464985994397759,19,2,7,10,"19,2,7,10",,,,,
fixed_global_sweep,46,2,0.45,37,0.8571428571428571,0.391304347826087,0.46153846153846156,0.6,0.7795031055900621,0.5675675675675675,0.6242236024844721,9,14,2,12,"9,14,2,12",,,,,
fixed_global_sweep,46,3,0.45,39,0.7222222222222222,0.5238095238095238,0.5652173913043478,0.6341463414634146,0.6507936507936508,0.6153846153846154,0.623015873015873,11,10,5,13,"11,10,5,13",,,,,
fixed_global_sweep,46,4,0.45,38,0.7058823529411765,0.5714285714285714,0.5714285714285714,0.631578947368421,0.6974789915966386,0.631578947368421,0.6386554621848739,12,9,5,12,"12,9,5,12",,,,,
fixed_global_sweep,46,5,0.45,39,0.4444444444444444,0.9047619047619048,0.8,0.5714285714285714,0.6322751322751323,0.6923076923076923,0.6746031746031746,19,2,10,8,"19,2,10,8",,,,,
fixed_global_sweep,42,1,0.425,38,0.7333333333333333,0.6521739130434783,0.5789473684210527,0.6470588235294118,0.7913043478260869,0.6842105263157895,0.6927536231884057,15,8,4,11,"15,8,4,11",,,,,
fixed_global_sweep,42,2,0.425,38,0.7142857142857143,0.6666666666666666,0.5555555555555556,0.625,0.6785714285714286,0.6842105263157895,0.6904761904761905,16,8,4,10,"16,8,4,10",,,,,
fixed_global_sweep,42,3,0.425,38,0.8636363636363636,0.5625,0.7307692307692307,0.7916666666666666,0.8522727272727273,0.7368421052631579,0.7130681818181819,9,7,3,19,"9,7,3,19",,,,,
fixed_global_sweep,42,4,0.425,39,0.6875,0.4782608695652174,0.4782608695652174,0.5641025641025641,0.5991847826086958,0.5641025641025641,0.5828804347826086,11,12,5,11,"11,12,5,11",,,,,
fixed_global_sweep,42,5,0.425,38,0.5882352941176471,0.7142857142857143,0.625,0.6060606060606061,0.6204481792717087,0.6578947368421053,0.6512605042016807,15,6,7,10,"15,6,7,10",,,,,
fixed_global_sweep,43,1,0.425,38,0.9,0.42857142857142855,0.36,0.5142857142857142,0.7303571428571429,0.5526315789473685,0.6642857142857143,12,16,1,9,"12,16,1,9",,,,,
fixed_global_sweep,43,2,0.425,38,0.6363636363636364,0.625,0.7,0.6666666666666666,0.6164772727272727,0.631578947368421,0.6306818181818181,10,6,8,14,"10,6,8,14",,,,,
fixed_global_sweep,43,3,0.425,39,0.6842105263157895,0.85,0.8125,0.7428571428571429,0.7289473684210526,0.7692307692307693,0.7671052631578947,17,3,6,13,"17,3,6,13",,,,,
fixed_global_sweep,43,4,0.425,38,0.625,0.7272727272727273,0.625,0.625,0.6946022727272728,0.6842105263157895,0.6761363636363636,16,6,6,10,"16,6,6,10",,,,,
fixed_global_sweep,43,5,0.425,38,0.7647058823529411,0.6666666666666666,0.65,0.7027027027027027,0.7254901960784313,0.7105263157894737,0.7156862745098038,14,7,4,13,"14,7,4,13",,,,,
fixed_global_sweep,44,1,0.425,38,0.5,0.5454545454545454,0.4444444444444444,0.47058823529411764,0.5653409090909092,0.5263157894736842,0.5227272727272727,12,10,8,8,"12,10,8,8",,,,,
fixed_global_sweep,44,2,0.425,37,0.6428571428571429,0.6086956521739131,0.5,0.5625,0.6832298136645962,0.6216216216216216,0.6257763975155279,14,9,5,9,"14,9,5,9",,,,,
fixed_global_sweep,44,3,0.425,39,0.7857142857142857,0.48,0.4583333333333333,0.5789473684210527,0.7742857142857142,0.5897435897435898,0.6328571428571428,12,13,3,11,"12,13,3,11",,,,,
fixed_global_sweep,44,4,0.425,39,0.7894736842105263,0.6,0.6521739130434783,0.7142857142857143,0.7513157894736842,0.6923076923076923,0.6947368421052631,12,8,4,15,"12,8,4,15",,,,,
fixed_global_sweep,44,5,0.425,38,0.6666666666666666,0.8823529411764706,0.875,0.7567567567567568,0.7086834733893559,0.7631578947368421,0.7745098039215685,15,2,7,14,"15,2,7,14",,,,,
fixed_global_sweep,45,1,0.425,38,0.7272727272727273,0.6296296296296297,0.4444444444444444,0.5517241379310345,0.7676767676767676,0.6578947368421053,0.6784511784511784,17,10,3,8,"17,10,3,8",,,,,
fixed_global_sweep,45,2,0.425,38,0.7272727272727273,0.875,0.8888888888888888,0.8,0.8053977272727273,0.7894736842105263,0.8011363636363636,14,2,6,16,"14,2,6,16",,,,,
fixed_global_sweep,45,3,0.425,39,0.5,0.68,0.4666666666666667,0.4827586206896552,0.5814285714285714,0.6153846153846154,0.5900000000000001,17,8,7,7,"17,8,7,7",,,,,
fixed_global_sweep,45,4,0.425,38,0.7222222222222222,0.6,0.6190476190476191,0.6666666666666666,0.7416666666666667,0.6578947368421053,0.6611111111111111,12,8,5,13,"12,8,5,13",,,,,
fixed_global_sweep,45,5,0.425,38,0.5789473684210527,0.631578947368421,0.6111111111111112,0.5945945945945946,0.5858725761772854,0.6052631578947368,0.6052631578947368,12,7,8,11,"12,7,8,11",,,,,
fixed_global_sweep,46,1,0.425,38,0.6470588235294118,0.8571428571428571,0.7857142857142857,0.7096774193548387,0.6610644257703081,0.7631578947368421,0.7521008403361344,18,3,6,11,"18,3,6,11",,,,,
fixed_global_sweep,46,2,0.425,37,0.8571428571428571,0.391304347826087,0.46153846153846156,0.6,0.7795031055900621,0.5675675675675675,0.6242236024844721,9,14,2,12,"9,14,2,12",,,,,
fixed_global_sweep,46,3,0.425,39,0.7222222222222222,0.42857142857142855,0.52,0.6046511627906976,0.6455026455026455,0.5641025641025641,0.5753968253968254,9,12,5,13,"9,12,5,13",,,,,
fixed_global_sweep,46,4,0.425,38,0.7058823529411765,0.5714285714285714,0.5714285714285714,0.631578947368421,0.6974789915966386,0.631578947368421,0.6386554621848739,12,9,5,12,"12,9,5,12",,,,,
fixed_global_sweep,46,5,0.425,39,0.5,0.9047619047619048,0.8181818181818182,0.6206896551724138,0.6666666666666666,0.717948717948718,0.7023809523809523,19,2,9,9,"19,2,9,9",,,,,
fixed_global_sweep,42,1,0.4,38,0.8,0.6521739130434783,0.6,0.6857142857142857,0.7913043478260869,0.7105263157894737,0.7260869565217392,15,8,3,12,"15,8,3,12",,,,,
fixed_global_sweep,42,2,0.4,38,0.7142857142857143,0.625,0.5263157894736842,0.6060606060606061,0.6785714285714286,0.6578947368421053,0.6696428571428572,15,9,4,10,"15,9,4,10",,,,,
fixed_global_sweep,42,3,0.4,38,0.8636363636363636,0.5625,0.7307692307692307,0.7916666666666666,0.8522727272727273,0.7368421052631579,0.7130681818181819,9,7,3,19,"9,7,3,19",,,,,
fixed_global_sweep,42,4,0.4,39,0.6875,0.43478260869565216,0.4583333333333333,0.55,0.5991847826086958,0.5384615384615384,0.561141304347826,10,13,5,11,"10,13,5,11",,,,,
fixed_global_sweep,42,5,0.4,38,0.5882352941176471,0.6666666666666666,0.5882352941176471,0.5882352941176471,0.6204481792717087,0.631578947368421,0.6274509803921569,14,7,7,10,"14,7,7,10",,,,,
fixed_global_sweep,43,1,0.4,38,0.9,0.35714285714285715,0.3333333333333333,0.4864864864864865,0.7285714285714286,0.5,0.6285714285714286,10,18,1,9,"10,18,1,9",,,,,
fixed_global_sweep,43,2,0.4,38,0.6363636363636364,0.625,0.7,0.6666666666666666,0.6164772727272727,0.631578947368421,0.6306818181818181,10,6,8,14,"10,6,8,14",,,,,
fixed_global_sweep,43,3,0.4,39,0.6842105263157895,0.8,0.7647058823529411,0.7222222222222222,0.7289473684210526,0.7435897435897436,0.7421052631578948,16,4,6,13,"16,4,6,13",,,,,
fixed_global_sweep,43,4,0.4,38,0.625,0.6818181818181818,0.5882352941176471,0.6060606060606061,0.6946022727272728,0.6578947368421053,0.6534090909090908,15,7,6,10,"15,7,6,10",,,,,
fixed_global_sweep,43,5,0.4,38,0.7647058823529411,0.6666666666666666,0.65,0.7027027027027027,0.7254901960784315,0.7105263157894737,0.7156862745098038,14,7,4,13,"14,7,4,13",,,,,
fixed_global_sweep,44,1,0.4,38,0.5,0.5454545454545454,0.4444444444444444,0.47058823529411764,0.5653409090909092,0.5263157894736842,0.5227272727272727,12,10,8,8,"12,10,8,8",,,,,
fixed_global_sweep,44,2,0.4,37,0.7857142857142857,0.6086956521739131,0.55,0.6470588235294118,0.7313664596273292,0.6756756756756757,0.6972049689440993,14,9,3,11,"14,9,3,11",,,,,
fixed_global_sweep,44,3,0.4,39,0.7857142857142857,0.48,0.4583333333333333,0.5789473684210527,0.7742857142857142,0.5897435897435898,0.6328571428571428,12,13,3,11,"12,13,3,11",,,,,
fixed_global_sweep,44,4,0.4,39,0.7894736842105263,0.55,0.625,0.6976744186046512,0.7513157894736842,0.6666666666666666,0.6697368421052632,11,9,4,15,"11,9,4,15",,,,,
fixed_global_sweep,44,5,0.4,38,0.6666666666666666,0.8235294117647058,0.8235294117647058,0.7368421052631579,0.7058823529411765,0.7368421052631579,0.7450980392156863,14,3,7,14,"14,3,7,14",,,,,
fixed_global_sweep,45,1,0.4,38,0.7272727272727273,0.6296296296296297,0.4444444444444444,0.5517241379310345,0.7676767676767676,0.6578947368421053,0.6784511784511784,17,10,3,8,"17,10,3,8",,,,,
fixed_global_sweep,45,2,0.4,38,0.7727272727272727,0.875,0.8947368421052632,0.8292682926829268,0.8451704545454546,0.8157894736842105,0.8238636363636364,14,2,5,17,"14,2,5,17",,,,,
fixed_global_sweep,45,3,0.4,39,0.5,0.68,0.4666666666666667,0.4827586206896552,0.5814285714285714,0.6153846153846154,0.5900000000000001,17,8,7,7,"17,8,7,7",,,,,
fixed_global_sweep,45,4,0.4,38,0.7222222222222222,0.5,0.5652173913043478,0.6341463414634146,0.7347222222222222,0.6052631578947368,0.6111111111111112,10,10,5,13,"10,10,5,13",,,,,
fixed_global_sweep,45,5,0.4,38,0.5789473684210527,0.631578947368421,0.6111111111111112,0.5945945945945946,0.5858725761772854,0.6052631578947368,0.6052631578947368,12,7,8,11,"12,7,8,11",,,,,
fixed_global_sweep,46,1,0.4,38,0.6470588235294118,0.8571428571428571,0.7857142857142857,0.7096774193548387,0.6610644257703081,0.7631578947368421,0.7521008403361344,18,3,6,11,"18,3,6,11",,,,,
fixed_global_sweep,46,2,0.4,37,0.8571428571428571,0.391304347826087,0.46153846153846156,0.6,0.7795031055900621,0.5675675675675675,0.6242236024844721,9,14,2,12,"9,14,2,12",,,,,
fixed_global_sweep,46,3,0.4,39,0.7222222222222222,0.42857142857142855,0.52,0.6046511627906976,0.6455026455026456,0.5641025641025641,0.5753968253968254,9,12,5,13,"9,12,5,13",,,,,
fixed_global_sweep,46,4,0.4,38,0.7647058823529411,0.5714285714285714,0.5909090909090909,0.6666666666666666,0.6974789915966386,0.6578947368421053,0.6680672268907563,12,9,4,13,"12,9,4,13",,,,,
fixed_global_sweep,46,5,0.4,39,0.5,0.8571428571428571,0.75,0.6,0.6666666666666666,0.6923076923076923,0.6785714285714286,18,3,9,9,"18,3,9,9",,,,,
fixed_global_sweep,42,1,0.375,38,0.8,0.6086956521739131,0.5714285714285714,0.6666666666666666,0.7913043478260869,0.6842105263157895,0.7043478260869566,14,9,3,12,"14,9,3,12",,,,,
fixed_global_sweep,42,2,0.375,38,0.7142857142857143,0.625,0.5263157894736842,0.6060606060606061,0.6785714285714286,0.6578947368421053,0.6696428571428572,15,9,4,10,"15,9,4,10",,,,,
fixed_global_sweep,42,3,0.375,38,0.8636363636363636,0.5625,0.7307692307692307,0.7916666666666666,0.8522727272727273,0.7368421052631579,0.7130681818181819,9,7,3,19,"9,7,3,19",,,,,
fixed_global_sweep,42,4,0.375,39,0.6875,0.43478260869565216,0.4583333333333333,0.55,0.5991847826086958,0.5384615384615384,0.561141304347826,10,13,5,11,"10,13,5,11",,,,,
fixed_global_sweep,42,5,0.375,38,0.5882352941176471,0.6190476190476191,0.5555555555555556,0.5714285714285714,0.6204481792717087,0.6052631578947368,0.6036414565826331,13,8,7,10,"13,8,7,10",,,,,
fixed_global_sweep,43,1,0.375,38,0.9,0.35714285714285715,0.3333333333333333,0.4864864864864865,0.7285714285714286,0.5,0.6285714285714286,10,18,1,9,"10,18,1,9",,,,,
fixed_global_sweep,43,2,0.375,38,0.6363636363636364,0.5625,0.6666666666666666,0.6511627906976745,0.6136363636363636,0.6052631578947368,0.5994318181818181,9,7,8,14,"9,7,8,14",,,,,
fixed_global_sweep,43,3,0.375,39,0.6842105263157895,0.8,0.7647058823529411,0.7222222222222222,0.7289473684210526,0.7435897435897436,0.7421052631578948,16,4,6,13,"16,4,6,13",,,,,
fixed_global_sweep,43,4,0.375,38,0.625,0.6363636363636364,0.5555555555555556,0.5882352941176471,0.6946022727272726,0.631578947368421,0.6306818181818181,14,8,6,10,"14,8,6,10",,,,,
fixed_global_sweep,43,5,0.375,38,0.7647058823529411,0.6666666666666666,0.65,0.7027027027027027,0.7044817927170869,0.7105263157894737,0.7156862745098038,14,7,4,13,"14,7,4,13",,,,,
fixed_global_sweep,44,1,0.375,38,0.5625,0.5454545454545454,0.47368421052631576,0.5142857142857142,0.6221590909090908,0.5526315789473685,0.5539772727272727,12,10,7,9,"12,10,7,9",,,,,
fixed_global_sweep,44,2,0.375,37,0.7857142857142857,0.6086956521739131,0.55,0.6470588235294118,0.7313664596273292,0.6756756756756757,0.6972049689440993,14,9,3,11,"14,9,3,11",,,,,
fixed_global_sweep,44,3,0.375,39,0.7857142857142857,0.36,0.4074074074074074,0.5365853658536586,0.7714285714285714,0.5128205128205128,0.5728571428571428,9,16,3,11,"9,16,3,11",,,,,
fixed_global_sweep,44,4,0.375,39,0.7894736842105263,0.5,0.6,0.6818181818181818,0.7513157894736842,0.6410256410256411,0.6447368421052632,10,10,4,15,"10,10,4,15",,,,,
fixed_global_sweep,44,5,0.375,38,0.6666666666666666,0.8235294117647058,0.8235294117647058,0.7368421052631579,0.7058823529411765,0.7368421052631579,0.7450980392156863,14,3,7,14,"14,3,7,14",,,,,
fixed_global_sweep,45,1,0.375,38,0.7272727272727273,0.6296296296296297,0.4444444444444444,0.5517241379310345,0.7676767676767676,0.6578947368421053,0.6784511784511784,17,10,3,8,"17,10,3,8",,,,,
fixed_global_sweep,45,2,0.375,38,0.7727272727272727,0.875,0.8947368421052632,0.8292682926829268,0.8451704545454546,0.8157894736842105,0.8238636363636364,14,2,5,17,"14,2,5,17",,,,,
fixed_global_sweep,45,3,0.375,39,0.5,0.68,0.4666666666666667,0.4827586206896552,0.5814285714285714,0.6153846153846154,0.5900000000000001,17,8,7,7,"17,8,7,7",,,,,
fixed_global_sweep,45,4,0.375,38,0.7222222222222222,0.45,0.5416666666666666,0.6190476190476191,0.7333333333333333,0.5789473684210527,0.5861111111111111,9,11,5,13,"9,11,5,13",,,,,
fixed_global_sweep,45,5,0.375,38,0.5789473684210527,0.631578947368421,0.6111111111111112,0.5945945945945946,0.5858725761772854,0.6052631578947368,0.6052631578947368,12,7,8,11,"12,7,8,11",,,,,
fixed_global_sweep,46,1,0.375,38,0.6470588235294118,0.8571428571428571,0.7857142857142857,0.7096774193548387,0.6610644257703081,0.7631578947368421,0.7521008403361344,18,3,6,11,"18,3,6,11",,,,,
fixed_global_sweep,46,2,0.375,37,0.8571428571428571,0.391304347826087,0.46153846153846156,0.6,0.7795031055900621,0.5675675675675675,0.6242236024844721,9,14,2,12,"9,14,2,12",,,,,
fixed_global_sweep,46,3,0.375,39,0.7222222222222222,0.42857142857142855,0.52,0.6046511627906976,0.6455026455026456,0.5641025641025641,0.5753968253968254,9,12,5,13,"9,12,5,13",,,,,
fixed_global_sweep,46,4,0.375,38,0.7647058823529411,0.5238095238095238,0.5652173913043478,0.65,0.680672268907563,0.631578947368421,0.6442577030812324,11,10,4,13,"11,10,4,13",,,,,
fixed_global_sweep,46,5,0.375,39,0.5,0.8571428571428571,0.75,0.6,0.6666666666666666,0.6923076923076923,0.6785714285714286,18,3,9,9,"18,3,9,9",,,,,
fixed_global_sweep,42,1,0.35,38,0.8,0.5217391304347826,0.5217391304347826,0.631578947368421,0.7913043478260869,0.631578947368421,0.6608695652173913,12,11,3,12,"12,11,3,12",,,,,
fixed_global_sweep,42,2,0.35,38,0.7142857142857143,0.625,0.5263157894736842,0.6060606060606061,0.6666666666666667,0.6578947368421053,0.6696428571428572,15,9,4,10,"15,9,4,10",,,,,
fixed_global_sweep,42,3,0.35,38,0.8636363636363636,0.5625,0.7307692307692307,0.7916666666666666,0.8522727272727273,0.7368421052631579,0.7130681818181819,9,7,3,19,"9,7,3,19",,,,,
fixed_global_sweep,42,4,0.35,39,0.6875,0.391304347826087,0.44,0.5365853658536586,0.5896739130434783,0.5128205128205128,0.5394021739130435,9,14,5,11,"9,14,5,11",,,,,
fixed_global_sweep,42,5,0.35,38,0.5882352941176471,0.6190476190476191,0.5555555555555556,0.5714285714285714,0.6204481792717087,0.6052631578947368,0.6036414565826331,13,8,7,10,"13,8,7,10",,,,,
fixed_global_sweep,43,1,0.35,38,0.9,0.35714285714285715,0.3333333333333333,0.4864864864864865,0.7285714285714286,0.5,0.6285714285714286,10,18,1,9,"10,18,1,9",,,,,
fixed_global_sweep,43,2,0.35,38,0.6363636363636364,0.5625,0.6666666666666666,0.6511627906976745,0.6136363636363636,0.6052631578947368,0.5994318181818181,9,7,8,14,"9,7,8,14",,,,,
fixed_global_sweep,43,3,0.35,39,0.6842105263157895,0.8,0.7647058823529411,0.7222222222222222,0.7289473684210526,0.7435897435897436,0.7421052631578948,16,4,6,13,"16,4,6,13",,,,,
fixed_global_sweep,43,4,0.35,38,0.625,0.5909090909090909,0.5263157894736842,0.5714285714285714,0.6789772727272728,0.6052631578947368,0.6079545454545454,13,9,6,10,"13,9,6,10",,,,,
fixed_global_sweep,43,5,0.35,38,0.7647058823529411,0.6190476190476191,0.6190476190476191,0.6842105263157895,0.7044817927170869,0.6842105263157895,0.6918767507002801,13,8,4,13,"13,8,4,13",,,,,
fixed_global_sweep,44,1,0.35,38,0.625,0.5454545454545454,0.5,0.5555555555555556,0.609375,0.5789473684210527,0.5852272727272727,12,10,6,10,"12,10,6,10",,,,,
fixed_global_sweep,44,2,0.35,37,0.7857142857142857,0.6086956521739131,0.55,0.6470588235294118,0.7484472049689441,0.6756756756756757,0.6972049689440993,14,9,3,11,"14,9,3,11",,,,,
fixed_global_sweep,44,3,0.35,39,0.8571428571428571,0.36,0.42857142857142855,0.5714285714285714,0.7714285714285714,0.5384615384615384,0.6085714285714285,9,16,2,12,"9,16,2,12",,,,,
fixed_global_sweep,44,4,0.35,39,0.7894736842105263,0.5,0.6,0.6818181818181818,0.725,0.6410256410256411,0.6447368421052632,10,10,4,15,"10,10,4,15",,,,,
fixed_global_sweep,44,5,0.35,38,0.6666666666666666,0.8235294117647058,0.8235294117647058,0.7368421052631579,0.7058823529411765,0.7368421052631579,0.7450980392156863,14,3,7,14,"14,3,7,14",,,,,
fixed_global_sweep,45,1,0.35,38,0.7272727272727273,0.6296296296296297,0.4444444444444444,0.5517241379310345,0.7676767676767676,0.6578947368421053,0.6784511784511784,17,10,3,8,"17,10,3,8",,,,,
fixed_global_sweep,45,2,0.35,38,0.7727272727272727,0.8125,0.85,0.8095238095238095,0.8451704545454546,0.7894736842105263,0.7926136363636364,13,3,5,17,"13,3,5,17",,,,,
fixed_global_sweep,45,3,0.35,39,0.5,0.64,0.4375,0.4666666666666667,0.5814285714285714,0.5897435897435898,0.5700000000000001,16,9,7,7,"16,9,7,7",,,,,
fixed_global_sweep,45,4,0.35,38,0.7222222222222222,0.45,0.5416666666666666,0.6190476190476191,0.7333333333333333,0.5789473684210527,0.5861111111111111,9,11,5,13,"9,11,5,13",,,,,
fixed_global_sweep,45,5,0.35,38,0.631578947368421,0.5789473684210527,0.6,0.6153846153846154,0.6371191135734071,0.6052631578947368,0.6052631578947368,11,8,7,12,"11,8,7,12",,,,,
fixed_global_sweep,46,1,0.35,38,0.6470588235294118,0.8095238095238095,0.7333333333333333,0.6875,0.6526610644257703,0.7368421052631579,0.7282913165266107,17,4,6,11,"17,4,6,11",,,,,
fixed_global_sweep,46,2,0.35,37,0.8571428571428571,0.30434782608695654,0.42857142857142855,0.5714285714285714,0.7795031055900621,0.5135135135135135,0.5807453416149069,7,16,2,12,"7,16,2,12",,,,,
fixed_global_sweep,46,3,0.35,39,0.7222222222222222,0.38095238095238093,0.5,0.5909090909090909,0.6455026455026455,0.5384615384615384,0.5515873015873016,8,13,5,13,"8,13,5,13",,,,,
fixed_global_sweep,46,4,0.35,38,0.8235294117647058,0.5238095238095238,0.5833333333333334,0.6829268292682927,0.680672268907563,0.6578947368421053,0.6736694677871149,11,10,3,14,"11,10,3,14",,,,,
fixed_global_sweep,46,5,0.35,39,0.5,0.8571428571428571,0.75,0.6,0.6666666666666666,0.6923076923076923,0.6785714285714286,18,3,9,9,"18,3,9,9",,,,,
fixed_global_sweep,42,1,0.325,38,0.8,0.391304347826087,0.46153846153846156,0.5853658536585366,0.7913043478260869,0.5526315789473685,0.5956521739130435,9,14,3,12,"9,14,3,12",,,,,
fixed_global_sweep,42,2,0.325,38,0.7142857142857143,0.2916666666666667,0.37037037037037035,0.4878048780487805,0.6666666666666667,0.4473684210526316,0.5029761904761905,7,17,4,10,"7,17,4,10",,,,,
fixed_global_sweep,42,3,0.325,38,0.8636363636363636,0.4375,0.6785714285714286,0.76,0.8522727272727273,0.6842105263157895,0.6505681818181819,7,9,3,19,"7,9,3,19",,,,,
fixed_global_sweep,42,4,0.325,39,0.6875,0.2608695652173913,0.39285714285714285,0.5,0.6086956521739131,0.4358974358974359,0.4741847826086957,6,17,5,11,"6,17,5,11",,,,,
fixed_global_sweep,42,5,0.325,38,0.5882352941176471,0.42857142857142855,0.45454545454545453,0.5128205128205128,0.6204481792717087,0.5,0.5084033613445378,9,12,7,10,"9,12,7,10",,,,,
fixed_global_sweep,43,1,0.325,38,0.9,0.21428571428571427,0.2903225806451613,0.43902439024390244,0.7285714285714286,0.39473684210526316,0.5571428571428572,6,22,1,9,"6,22,1,9",,,,,
fixed_global_sweep,43,2,0.325,38,0.6363636363636364,0.375,0.5833333333333334,0.6086956521739131,0.6107954545454546,0.5263157894736842,0.5056818181818181,6,10,8,14,"6,10,8,14",,,,,
fixed_global_sweep,43,3,0.325,39,0.6842105263157895,0.75,0.7222222222222222,0.7027027027027027,0.7289473684210526,0.717948717948718,0.7171052631578947,15,5,6,13,"15,5,6,13",,,,,
fixed_global_sweep,43,4,0.325,38,0.625,0.4090909090909091,0.43478260869565216,0.5128205128205128,0.6789772727272728,0.5,0.5170454545454546,9,13,6,10,"9,13,6,10",,,,,
fixed_global_sweep,43,5,0.325,38,0.7647058823529411,0.38095238095238093,0.5,0.6046511627906976,0.7044817927170869,0.5526315789473685,0.572829131652661,8,13,4,13,"8,13,4,13",,,,,
fixed_global_sweep,44,1,0.325,38,0.625,0.36363636363636365,0.4166666666666667,0.5,0.6335227272727273,0.47368421052631576,0.4943181818181818,8,14,6,10,"8,14,6,10",,,,,
fixed_global_sweep,44,2,0.325,37,0.7857142857142857,0.5652173913043478,0.5238095238095238,0.6285714285714286,0.7484472049689441,0.6486486486486487,0.6754658385093167,13,10,3,11,"13,10,3,11",,,,,
fixed_global_sweep,44,3,0.325,39,0.8571428571428571,0.32,0.41379310344827586,0.5581395348837209,0.7714285714285714,0.5128205128205128,0.5885714285714285,8,17,2,12,"8,17,2,12",,,,,
fixed_global_sweep,44,4,0.325,39,0.7894736842105263,0.3,0.5172413793103449,0.625,0.7052631578947368,0.5384615384615384,0.5447368421052632,6,14,4,15,"6,14,4,15",,,,,
fixed_global_sweep,44,5,0.325,38,0.6666666666666666,0.5294117647058824,0.6363636363636364,0.6511627906976745,0.7058823529411765,0.6052631578947368,0.5980392156862745,9,8,7,14,"9,8,7,14",,,,,
fixed_global_sweep,45,1,0.325,38,0.7272727272727273,0.48148148148148145,0.36363636363636365,0.48484848484848486,0.7676767676767676,0.5526315789473685,0.6043771043771043,13,14,3,8,"13,14,3,8",,,,,
fixed_global_sweep,45,2,0.325,38,0.8181818181818182,0.5,0.6923076923076923,0.75,0.8792613636363636,0.6842105263157895,0.6590909090909092,8,8,4,18,"8,8,4,18",,,,,
fixed_global_sweep,45,3,0.325,39,0.5,0.4,0.3181818181818182,0.3888888888888889,0.5814285714285714,0.4358974358974359,0.45,10,15,7,7,"10,15,7,7",,,,,
fixed_global_sweep,45,4,0.325,38,0.7777777777777778,0.35,0.5185185185185185,0.6222222222222222,0.7333333333333333,0.5526315789473685,0.5638888888888889,7,13,4,14,"7,13,4,14",,,,,
fixed_global_sweep,45,5,0.325,38,0.631578947368421,0.3157894736842105,0.48,0.5454545454545454,0.6385041551246537,0.47368421052631576,0.47368421052631576,6,13,7,12,"6,13,7,12",,,,,
fixed_global_sweep,46,1,0.325,38,0.6470588235294118,0.38095238095238093,0.4583333333333333,0.5365853658536586,0.6526610644257703,0.5,0.5140056022408963,8,13,6,11,"8,13,6,11",,,,,
fixed_global_sweep,46,2,0.325,37,0.8571428571428571,0.2608695652173913,0.41379310344827586,0.5581395348837209,0.7795031055900621,0.4864864864864865,0.5590062111801242,6,17,2,12,"6,17,2,12",,,,,
fixed_global_sweep,46,3,0.325,39,0.7222222222222222,0.09523809523809523,0.40625,0.52,0.6455026455026455,0.38461538461538464,0.4087301587301587,2,19,5,13,"2,19,5,13",,,,,
fixed_global_sweep,46,4,0.325,38,0.8235294117647058,0.38095238095238093,0.5185185185185185,0.6363636363636364,0.6666666666666666,0.5789473684210527,0.6022408963585434,8,13,3,14,"8,13,3,14",,,,,
fixed_global_sweep,46,5,0.325,39,0.5,0.7619047619047619,0.6428571428571429,0.5625,0.6666666666666666,0.6410256410256411,0.6309523809523809,16,5,9,9,"16,5,9,9",,,,,
fixed_global_sweep,42,1,0.3,38,0.8,0.391304347826087,0.46153846153846156,0.5853658536585366,0.7884057971014493,0.5526315789473685,0.5956521739130435,9,14,3,12,"9,14,3,12",,,,,
fixed_global_sweep,42,2,0.3,38,0.7142857142857143,0.25,0.35714285714285715,0.47619047619047616,0.6636904761904762,0.42105263157894735,0.48214285714285715,6,18,4,10,"6,18,4,10",,,,,
fixed_global_sweep,42,3,0.3,38,0.8636363636363636,0.4375,0.6785714285714286,0.76,0.8522727272727273,0.6842105263157895,0.6505681818181819,7,9,3,19,"7,9,3,19",,,,,
fixed_global_sweep,42,4,0.3,39,0.6875,0.2608695652173913,0.39285714285714285,0.5,0.6086956521739131,0.4358974358974359,0.4741847826086957,6,17,5,11,"6,17,5,11",,,,,
fixed_global_sweep,42,5,0.3,38,0.5882352941176471,0.42857142857142855,0.45454545454545453,0.5128205128205128,0.603641456582633,0.5,0.5084033613445378,9,12,7,10,"9,12,7,10",,,,,
fixed_global_sweep,43,1,0.3,38,0.9,0.21428571428571427,0.2903225806451613,0.43902439024390244,0.7285714285714286,0.39473684210526316,0.5571428571428572,6,22,1,9,"6,22,1,9",,,,,
fixed_global_sweep,43,2,0.3,38,0.6363636363636364,0.375,0.5833333333333334,0.6086956521739131,0.6136363636363636,0.5263157894736842,0.5056818181818181,6,10,8,14,"6,10,8,14",,,,,
fixed_global_sweep,43,3,0.3,39,0.6842105263157895,0.7,0.6842105263157895,0.6842105263157895,0.7289473684210526,0.6923076923076923,0.6921052631578948,14,6,6,13,"14,6,6,13",,,,,
fixed_global_sweep,43,4,0.3,38,0.6875,0.4090909090909091,0.4583333333333333,0.55,0.7159090909090909,0.5263157894736842,0.5482954545454546,9,13,5,11,"9,13,5,11",,,,,
fixed_global_sweep,43,5,0.3,38,0.7647058823529411,0.3333333333333333,0.48148148148148145,0.5909090909090909,0.6722689075630253,0.5263157894736842,0.5490196078431372,7,14,4,13,"7,14,4,13",,,,,
fixed_global_sweep,44,1,0.3,38,0.625,0.36363636363636365,0.4166666666666667,0.5,0.6335227272727273,0.47368421052631576,0.4943181818181818,8,14,6,10,"8,14,6,10",,,,,
fixed_global_sweep,44,2,0.3,37,0.7857142857142857,0.5652173913043478,0.5238095238095238,0.6285714285714286,0.7484472049689441,0.6486486486486487,0.6754658385093167,13,10,3,11,"13,10,3,11",,,,,
fixed_global_sweep,44,3,0.3,39,0.8571428571428571,0.32,0.41379310344827586,0.5581395348837209,0.7714285714285714,0.5128205128205128,0.5885714285714285,8,17,2,12,"8,17,2,12",,,,,
fixed_global_sweep,44,4,0.3,39,0.7894736842105263,0.3,0.5172413793103449,0.625,0.7052631578947368,0.5384615384615384,0.5447368421052632,6,14,4,15,"6,14,4,15",,,,,
fixed_global_sweep,44,5,0.3,38,0.6666666666666666,0.4117647058823529,0.5833333333333334,0.6222222222222222,0.7072829131652661,0.5526315789473685,0.5392156862745098,7,10,7,14,"7,10,7,14",,,,,
fixed_global_sweep,45,1,0.3,38,0.7272727272727273,0.48148148148148145,0.36363636363636365,0.48484848484848486,0.7676767676767676,0.5526315789473685,0.6043771043771043,13,14,3,8,"13,14,3,8",,,,,
fixed_global_sweep,45,2,0.3,38,0.8181818181818182,0.5,0.6923076923076923,0.75,0.8792613636363636,0.6842105263157895,0.6590909090909092,8,8,4,18,"8,8,4,18",,,,,
fixed_global_sweep,45,3,0.3,39,0.5,0.4,0.3181818181818182,0.3888888888888889,0.5785714285714285,0.4358974358974359,0.45,10,15,7,7,"10,15,7,7",,,,,
fixed_global_sweep,45,4,0.3,38,0.8333333333333334,0.35,0.5357142857142857,0.6521739130434783,0.7333333333333333,0.5789473684210527,0.5916666666666667,7,13,3,15,"7,13,3,15",,,,,
fixed_global_sweep,45,5,0.3,38,0.631578947368421,0.3157894736842105,0.48,0.5454545454545454,0.6385041551246537,0.47368421052631576,0.47368421052631576,6,13,7,12,"6,13,7,12",,,,,
fixed_global_sweep,46,1,0.3,38,0.6470588235294118,0.38095238095238093,0.4583333333333333,0.5365853658536586,0.6568627450980392,0.5,0.5140056022408963,8,13,6,11,"8,13,6,11",,,,,
fixed_global_sweep,46,2,0.3,37,0.8571428571428571,0.2608695652173913,0.41379310344827586,0.5581395348837209,0.7795031055900621,0.4864864864864865,0.5590062111801242,6,17,2,12,"6,17,2,12",,,,,
fixed_global_sweep,46,3,0.3,39,0.7222222222222222,0.047619047619047616,0.3939393939393939,0.5098039215686274,0.6455026455026455,0.358974358974359,0.3849206349206349,1,20,5,13,"1,20,5,13",,,,,
fixed_global_sweep,46,4,0.3,38,0.8235294117647058,0.38095238095238093,0.5185185185185185,0.6363636363636364,0.6666666666666666,0.5789473684210527,0.6022408963585434,8,13,3,14,"8,13,3,14",,,,,
fixed_global_sweep,46,5,0.3,39,0.5,0.7619047619047619,0.6428571428571429,0.5625,0.6666666666666666,0.6410256410256411,0.6309523809523809,16,5,9,9,"16,5,9,9",,,,,
fixed_global_sweep,42,1,0.275,38,0.8,0.391304347826087,0.46153846153846156,0.5853658536585366,0.7884057971014493,0.5526315789473685,0.5956521739130435,9,14,3,12,"9,14,3,12",,,,,
fixed_global_sweep,42,2,0.275,38,0.7142857142857143,0.25,0.35714285714285715,0.47619047619047616,0.6636904761904762,0.42105263157894735,0.48214285714285715,6,18,4,10,"6,18,4,10",,,,,
fixed_global_sweep,42,3,0.275,38,0.8636363636363636,0.4375,0.6785714285714286,0.76,0.8522727272727273,0.6842105263157895,0.6505681818181819,7,9,3,19,"7,9,3,19",,,,,
fixed_global_sweep,42,4,0.275,39,0.75,0.2608695652173913,0.41379310344827586,0.5333333333333333,0.6630434782608696,0.46153846153846156,0.5054347826086957,6,17,4,12,"6,17,4,12",,,,,
fixed_global_sweep,42,5,0.275,38,0.5882352941176471,0.38095238095238093,0.43478260869565216,0.5,0.603641456582633,0.47368421052631576,0.484593837535014,8,13,7,10,"8,13,7,10",,,,,
fixed_global_sweep,43,1,0.275,38,0.9,0.21428571428571427,0.2903225806451613,0.43902439024390244,0.7285714285714286,0.39473684210526316,0.5571428571428572,6,22,1,9,"6,22,1,9",,,,,
fixed_global_sweep,43,2,0.275,38,0.6363636363636364,0.375,0.5833333333333334,0.6086956521739131,0.6136363636363636,0.5263157894736842,0.5056818181818181,6,10,8,14,"6,10,8,14",,,,,
fixed_global_sweep,43,3,0.275,39,0.6842105263157895,0.7,0.6842105263157895,0.6842105263157895,0.7289473684210526,0.6923076923076923,0.6921052631578948,14,6,6,13,"14,6,6,13",,,,,
fixed_global_sweep,43,4,0.275,38,0.6875,0.4090909090909091,0.4583333333333333,0.55,0.7159090909090909,0.5263157894736842,0.5482954545454546,9,13,5,11,"9,13,5,11",,,,,
fixed_global_sweep,43,5,0.275,38,0.7647058823529411,0.3333333333333333,0.48148148148148145,0.5909090909090909,0.6638655462184874,0.5263157894736842,0.5490196078431372,7,14,4,13,"7,14,4,13",,,,,
fixed_global_sweep,44,1,0.275,38,0.625,0.36363636363636365,0.4166666666666667,0.5,0.6335227272727273,0.47368421052631576,0.4943181818181818,8,14,6,10,"8,14,6,10",,,,,
fixed_global_sweep,44,2,0.275,37,0.7857142857142857,0.5652173913043478,0.5238095238095238,0.6285714285714286,0.7484472049689441,0.6486486486486487,0.6754658385093167,13,10,3,11,"13,10,3,11",,,,,
fixed_global_sweep,44,3,0.275,39,0.8571428571428571,0.28,0.4,0.5454545454545454,0.7714285714285714,0.48717948717948717,0.5685714285714285,7,18,2,12,"7,18,2,12",,,,,
fixed_global_sweep,44,4,0.275,39,0.7894736842105263,0.3,0.5172413793103449,0.625,0.7052631578947368,0.5384615384615384,0.5447368421052632,6,14,4,15,"6,14,4,15",,,,,
fixed_global_sweep,44,5,0.275,38,0.6666666666666666,0.4117647058823529,0.5833333333333334,0.6222222222222222,0.7072829131652661,0.5526315789473685,0.5392156862745098,7,10,7,14,"7,10,7,14",,,,,
fixed_global_sweep,45,1,0.275,38,0.7272727272727273,0.4444444444444444,0.34782608695652173,0.47058823529411764,0.7676767676767676,0.5263157894736842,0.5858585858585859,12,15,3,8,"12,15,3,8",,,,,
fixed_global_sweep,45,2,0.275,38,0.8181818181818182,0.5,0.6923076923076923,0.75,0.8792613636363636,0.6842105263157895,0.6590909090909092,8,8,4,18,"8,8,4,18",,,,,
fixed_global_sweep,45,3,0.275,39,0.5,0.4,0.3181818181818182,0.3888888888888889,0.5785714285714285,0.4358974358974359,0.45,10,15,7,7,"10,15,7,7",,,,,
fixed_global_sweep,45,4,0.275,38,0.8333333333333334,0.35,0.5357142857142857,0.6521739130434783,0.7333333333333333,0.5789473684210527,0.5916666666666667,7,13,3,15,"7,13,3,15",,,,,
fixed_global_sweep,45,5,0.275,38,0.631578947368421,0.2631578947368421,0.46153846153846156,0.5333333333333333,0.6385041551246537,0.4473684210526316,0.4473684210526315,5,14,7,12,"5,14,7,12",,,,,
fixed_global_sweep,46,1,0.275,38,0.6470588235294118,0.3333333333333333,0.44,0.5238095238095238,0.6526610644257703,0.47368421052631576,0.4901960784313726,7,14,6,11,"7,14,6,11",,,,,
fixed_global_sweep,46,2,0.275,37,0.8571428571428571,0.21739130434782608,0.4,0.5454545454545454,0.7795031055900621,0.4594594594594595,0.5372670807453416,5,18,2,12,"5,18,2,12",,,,,
fixed_global_sweep,46,3,0.275,39,0.7222222222222222,0.047619047619047616,0.3939393939393939,0.5098039215686274,0.6455026455026455,0.358974358974359,0.3849206349206349,1,20,5,13,"1,20,5,13",,,,,
fixed_global_sweep,46,4,0.275,38,0.8235294117647058,0.3333333333333333,0.5,0.6222222222222222,0.6666666666666667,0.5526315789473685,0.5784313725490196,7,14,3,14,"7,14,3,14",,,,,
fixed_global_sweep,46,5,0.275,39,0.5,0.7142857142857143,0.6,0.5454545454545454,0.6666666666666666,0.6153846153846154,0.6071428571428572,15,6,9,9,"15,6,9,9",,,,,
fixed_global_sweep,42,1,0.25,38,0.8,0.34782608695652173,0.4444444444444444,0.5714285714285714,0.773913043478261,0.5263157894736842,0.5739130434782609,8,15,3,12,"8,15,3,12",,,,,
fixed_global_sweep,42,2,0.25,38,0.7857142857142857,0.20833333333333334,0.36666666666666664,0.5,0.7142857142857142,0.42105263157894735,0.49702380952380953,5,19,3,11,"5,19,3,11",,,,,
fixed_global_sweep,42,3,0.25,38,0.8636363636363636,0.4375,0.6785714285714286,0.76,0.8522727272727273,0.6842105263157895,0.6505681818181819,7,9,3,19,"7,9,3,19",,,,,
fixed_global_sweep,42,4,0.25,39,0.75,0.2608695652173913,0.41379310344827586,0.5333333333333333,0.6630434782608696,0.46153846153846156,0.5054347826086957,6,17,4,12,"6,17,4,12",,,,,
fixed_global_sweep,42,5,0.25,38,0.5882352941176471,0.38095238095238093,0.43478260869565216,0.5,0.603641456582633,0.47368421052631576,0.484593837535014,8,13,7,10,"8,13,7,10",,,,,
fixed_global_sweep,43,1,0.25,38,1.0,0.21428571428571427,0.3125,0.47619047619047616,0.8071428571428572,0.42105263157894735,0.6071428571428571,6,22,0,10,"6,22,0,10",,,,,
fixed_global_sweep,43,2,0.25,38,0.6363636363636364,0.3125,0.56,0.5957446808510638,0.6136363636363636,0.5,0.4744318181818182,5,11,8,14,"5,11,8,14",,,,,
fixed_global_sweep,43,3,0.25,39,0.6842105263157895,0.7,0.6842105263157895,0.6842105263157895,0.7289473684210526,0.6923076923076923,0.6921052631578948,14,6,6,13,"14,6,6,13",,,,,
fixed_global_sweep,43,4,0.25,38,0.6875,0.36363636363636365,0.44,0.5365853658536586,0.7159090909090909,0.5,0.5255681818181819,8,14,5,11,"8,14,5,11",,,,,
fixed_global_sweep,43,5,0.25,38,0.7647058823529411,0.23809523809523808,0.4482758620689655,0.5652173913043478,0.6638655462184874,0.47368421052631576,0.5014005602240896,5,16,4,13,"5,16,4,13",,,,,
fixed_global_sweep,44,1,0.25,38,0.625,0.36363636363636365,0.4166666666666667,0.5,0.6335227272727273,0.47368421052631576,0.4943181818181818,8,14,6,10,"8,14,6,10",,,,,
fixed_global_sweep,44,2,0.25,37,0.7857142857142857,0.5652173913043478,0.5238095238095238,0.6285714285714286,0.7484472049689441,0.6486486486486487,0.6754658385093167,13,10,3,11,"13,10,3,11",,,,,
fixed_global_sweep,44,3,0.25,39,0.8571428571428571,0.24,0.3870967741935484,0.5333333333333333,0.7571428571428571,0.46153846153846156,0.5485714285714285,6,19,2,12,"6,19,2,12",,,,,
fixed_global_sweep,44,4,0.25,39,0.7894736842105263,0.3,0.5172413793103449,0.625,0.7052631578947368,0.5384615384615384,0.5447368421052632,6,14,4,15,"6,14,4,15",,,,,
fixed_global_sweep,44,5,0.25,38,0.7142857142857143,0.35294117647058826,0.5769230769230769,0.6382978723404256,0.7226890756302522,0.5526315789473685,0.5336134453781513,6,11,6,15,"6,11,6,15",,,,,
fixed_global_sweep,45,1,0.25,38,0.7272727272727273,0.4444444444444444,0.34782608695652173,0.47058823529411764,0.7676767676767676,0.5263157894736842,0.5858585858585859,12,15,3,8,"12,15,3,8",,,,,
fixed_global_sweep,45,2,0.25,38,0.8181818181818182,0.5,0.6923076923076923,0.75,0.8792613636363636,0.6842105263157895,0.6590909090909092,8,8,4,18,"8,8,4,18",,,,,
fixed_global_sweep,45,3,0.25,39,0.5,0.36,0.30434782608695654,0.3783783783783784,0.5414285714285715,0.41025641025641024,0.43,9,16,7,7,"9,16,7,7",,,,,
fixed_global_sweep,45,4,0.25,38,0.8333333333333334,0.35,0.5357142857142857,0.6521739130434783,0.7333333333333333,0.5789473684210527,0.5916666666666667,7,13,3,15,"7,13,3,15",,,,,
fixed_global_sweep,45,5,0.25,38,0.631578947368421,0.2631578947368421,0.46153846153846156,0.5333333333333333,0.6385041551246537,0.4473684210526316,0.4473684210526315,5,14,7,12,"5,14,7,12",,,,,
fixed_global_sweep,46,1,0.25,38,0.7058823529411765,0.3333333333333333,0.46153846153846156,0.5581395348837209,0.684873949579832,0.5,0.5196078431372549,7,14,5,12,"7,14,5,12",,,,,
fixed_global_sweep,46,2,0.25,37,0.8571428571428571,0.21739130434782608,0.4,0.5454545454545454,0.7795031055900621,0.4594594594594595,0.5372670807453416,5,18,2,12,"5,18,2,12",,,,,
fixed_global_sweep,46,3,0.25,39,0.7222222222222222,0.047619047619047616,0.3939393939393939,0.5098039215686274,0.6455026455026455,0.358974358974359,0.3849206349206349,1,20,5,13,"1,20,5,13",,,,,
fixed_global_sweep,46,4,0.25,38,0.8235294117647058,0.3333333333333333,0.5,0.6222222222222222,0.6666666666666667,0.5526315789473685,0.5784313725490196,7,14,3,14,"7,14,3,14",,,,,
fixed_global_sweep,46,5,0.25,39,0.5,0.6666666666666666,0.5625,0.5294117647058824,0.6666666666666666,0.5897435897435898,0.5833333333333333,14,7,9,9,"14,7,9,9",,,,,
fixed_global_sweep,42,1,0.225,38,0.8666666666666667,0.34782608695652173,0.4642857142857143,0.6046511627906976,0.8333333333333334,0.5526315789473685,0.6072463768115942,8,15,2,13,"8,15,2,13",,,,,
fixed_global_sweep,42,2,0.225,38,0.7857142857142857,0.20833333333333334,0.36666666666666664,0.5,0.7142857142857142,0.42105263157894735,0.49702380952380953,5,19,3,11,"5,19,3,11",,,,,
fixed_global_sweep,42,3,0.225,38,0.8636363636363636,0.4375,0.6785714285714286,0.76,0.8522727272727273,0.6842105263157895,0.6505681818181819,7,9,3,19,"7,9,3,19",,,,,
fixed_global_sweep,42,4,0.225,39,0.8125,0.2608695652173913,0.43333333333333335,0.5652173913043478,0.6603260869565218,0.48717948717948717,0.5366847826086957,6,17,3,13,"6,17,3,13",,,,,
fixed_global_sweep,42,5,0.225,38,0.5882352941176471,0.38095238095238093,0.43478260869565216,0.5,0.603641456582633,0.47368421052631576,0.484593837535014,8,13,7,10,"8,13,7,10",,,,,
fixed_global_sweep,43,1,0.225,38,1.0,0.21428571428571427,0.3125,0.47619047619047616,0.8071428571428572,0.42105263157894735,0.6071428571428571,6,22,0,10,"6,22,0,10",,,,,
fixed_global_sweep,43,2,0.225,38,0.6363636363636364,0.3125,0.56,0.5957446808510638,0.6136363636363636,0.5,0.4744318181818182,5,11,8,14,"5,11,8,14",,,,,
fixed_global_sweep,43,3,0.225,39,0.6842105263157895,0.7,0.6842105263157895,0.6842105263157895,0.7289473684210526,0.6923076923076923,0.6921052631578948,14,6,6,13,"14,6,6,13",,,,,
fixed_global_sweep,43,4,0.225,38,0.6875,0.3181818181818182,0.4230769230769231,0.5238095238095238,0.6931818181818182,0.47368421052631576,0.5028409090909091,7,15,5,11,"7,15,5,11",,,,,
fixed_global_sweep,43,5,0.225,38,0.7647058823529411,0.23809523809523808,0.4482758620689655,0.5652173913043478,0.6638655462184874,0.47368421052631576,0.5014005602240896,5,16,4,13,"5,16,4,13",,,,,
fixed_global_sweep,44,1,0.225,38,0.625,0.3181818181818182,0.4,0.4878048780487805,0.6335227272727273,0.4473684210526316,0.47159090909090906,7,15,6,10,"7,15,6,10",,,,,
fixed_global_sweep,44,2,0.225,37,0.7857142857142857,0.5652173913043478,0.5238095238095238,0.6285714285714286,0.7484472049689441,0.6486486486486487,0.6754658385093167,13,10,3,11,"13,10,3,11",,,,,
fixed_global_sweep,44,3,0.225,39,0.8571428571428571,0.24,0.3870967741935484,0.5333333333333333,0.7571428571428571,0.46153846153846156,0.5485714285714285,6,19,2,12,"6,19,2,12",,,,,
fixed_global_sweep,44,4,0.225,39,0.7894736842105263,0.3,0.5172413793103449,0.625,0.7052631578947368,0.5384615384615384,0.5447368421052632,6,14,4,15,"6,14,4,15",,,,,
fixed_global_sweep,44,5,0.225,38,0.7142857142857143,0.29411764705882354,0.5555555555555556,0.625,0.7226890756302521,0.5263157894736842,0.5042016806722689,5,12,6,15,"5,12,6,15",,,,,
fixed_global_sweep,45,1,0.225,38,0.7272727272727273,0.4444444444444444,0.34782608695652173,0.47058823529411764,0.7508417508417509,0.5263157894736842,0.5858585858585859,12,15,3,8,"12,15,3,8",,,,,
fixed_global_sweep,45,2,0.225,38,0.8181818181818182,0.5,0.6923076923076923,0.75,0.8792613636363636,0.6842105263157895,0.6590909090909092,8,8,4,18,"8,8,4,18",,,,,
fixed_global_sweep,45,3,0.225,39,0.5,0.36,0.30434782608695654,0.3783783783783784,0.5414285714285715,0.41025641025641024,0.43,9,16,7,7,"9,16,7,7",,,,,
fixed_global_sweep,45,4,0.225,38,0.8333333333333334,0.35,0.5357142857142857,0.6521739130434783,0.7152777777777778,0.5789473684210527,0.5916666666666667,7,13,3,15,"7,13,3,15",,,,,
fixed_global_sweep,45,5,0.225,38,0.631578947368421,0.2631578947368421,0.46153846153846156,0.5333333333333333,0.6385041551246537,0.4473684210526316,0.4473684210526315,5,14,7,12,"5,14,7,12",,,,,
fixed_global_sweep,46,1,0.225,38,0.7058823529411765,0.3333333333333333,0.46153846153846156,0.5581395348837209,0.6764705882352942,0.5,0.5196078431372549,7,14,5,12,"7,14,5,12",,,,,
fixed_global_sweep,46,2,0.225,37,0.8571428571428571,0.21739130434782608,0.4,0.5454545454545454,0.7795031055900621,0.4594594594594595,0.5372670807453416,5,18,2,12,"5,18,2,12",,,,,
fixed_global_sweep,46,3,0.225,39,0.7777777777777778,0.047619047619047616,0.4117647058823529,0.5384615384615384,0.6957671957671958,0.38461538461538464,0.4126984126984127,1,20,4,14,"1,20,4,14",,,,,
fixed_global_sweep,46,4,0.225,38,0.8235294117647058,0.2857142857142857,0.4827586206896552,0.6086956521739131,0.6442577030812325,0.5263157894736842,0.5546218487394958,6,15,3,14,"6,15,3,14",,,,,
fixed_global_sweep,46,5,0.225,39,0.5,0.6666666666666666,0.5625,0.5294117647058824,0.6666666666666666,0.5897435897435898,0.5833333333333333,14,7,9,9,"14,7,9,9",,,,,
fixed_global_sweep,42,1,0.2,38,0.8666666666666667,0.34782608695652173,0.4642857142857143,0.6046511627906976,0.8333333333333334,0.5526315789473685,0.6072463768115942,8,15,2,13,"8,15,2,13",,,,,
fixed_global_sweep,42,2,0.2,38,0.7857142857142857,0.20833333333333334,0.36666666666666664,0.5,0.7142857142857142,0.42105263157894735,0.49702380952380953,5,19,3,11,"5,19,3,11",,,,,
fixed_global_sweep,42,3,0.2,38,0.8636363636363636,0.4375,0.6785714285714286,0.76,0.8522727272727273,0.6842105263157895,0.6505681818181819,7,9,3,19,"7,9,3,19",,,,,
fixed_global_sweep,42,4,0.2,39,0.8125,0.2608695652173913,0.43333333333333335,0.5652173913043478,0.6603260869565218,0.48717948717948717,0.5366847826086957,6,17,3,13,"6,17,3,13",,,,,
fixed_global_sweep,42,5,0.2,38,0.6470588235294118,0.38095238095238093,0.4583333333333333,0.5365853658536586,0.6512605042016807,0.5,0.5140056022408963,8,13,6,11,"8,13,6,11",,,,,
fixed_global_sweep,43,1,0.2,38,1.0,0.21428571428571427,0.3125,0.47619047619047616,0.7928571428571429,0.42105263157894735,0.6071428571428571,6,22,0,10,"6,22,0,10",,,,,
fixed_global_sweep,43,2,0.2,38,0.6363636363636364,0.3125,0.56,0.5957446808510638,0.6136363636363636,0.5,0.4744318181818182,5,11,8,14,"5,11,8,14",,,,,
fixed_global_sweep,43,3,0.2,39,0.6842105263157895,0.7,0.6842105263157895,0.6842105263157895,0.7289473684210526,0.6923076923076923,0.6921052631578948,14,6,6,13,"14,6,6,13",,,,,
fixed_global_sweep,43,4,0.2,38,0.75,0.3181818181818182,0.4444444444444444,0.5581395348837209,0.7400568181818182,0.5,0.5340909090909091,7,15,4,12,"7,15,4,12",,,,,
fixed_global_sweep,43,5,0.2,38,0.7647058823529411,0.23809523809523808,0.4482758620689655,0.5652173913043478,0.6834733893557423,0.47368421052631576,0.5014005602240896,5,16,4,13,"5,16,4,13",,,,,
fixed_global_sweep,44,1,0.2,38,0.625,0.3181818181818182,0.4,0.4878048780487805,0.6335227272727273,0.4473684210526316,0.47159090909090906,7,15,6,10,"7,15,6,10",,,,,
fixed_global_sweep,44,2,0.2,37,0.7857142857142857,0.5652173913043478,0.5238095238095238,0.6285714285714286,0.7484472049689441,0.6486486486486487,0.6754658385093167,13,10,3,11,"13,10,3,11",,,,,
fixed_global_sweep,44,3,0.2,39,0.8571428571428571,0.2,0.375,0.5217391304347826,0.7571428571428571,0.4358974358974359,0.5285714285714286,5,20,2,12,"5,20,2,12",,,,,
fixed_global_sweep,44,4,0.2,39,0.8421052631578947,0.3,0.5333333333333333,0.6530612244897959,0.7052631578947368,0.5641025641025641,0.5710526315789474,6,14,3,16,"6,14,3,16",,,,,
fixed_global_sweep,44,5,0.2,38,0.7142857142857143,0.29411764705882354,0.5555555555555556,0.625,0.7226890756302521,0.5263157894736842,0.5042016806722689,5,12,6,15,"5,12,6,15",,,,,
fixed_global_sweep,45,1,0.2,38,0.7272727272727273,0.4444444444444444,0.34782608695652173,0.47058823529411764,0.7508417508417509,0.5263157894736842,0.5858585858585859,12,15,3,8,"12,15,3,8",,,,,
fixed_global_sweep,45,2,0.2,38,0.8181818181818182,0.5,0.6923076923076923,0.75,0.8792613636363636,0.6842105263157895,0.6590909090909092,8,8,4,18,"8,8,4,18",,,,,
fixed_global_sweep,45,3,0.2,39,0.5,0.32,0.2916666666666667,0.3684210526315789,0.51,0.38461538461538464,0.41000000000000003,8,17,7,7,"8,17,7,7",,,,,
fixed_global_sweep,45,4,0.2,38,0.8333333333333334,0.35,0.5357142857142857,0.6521739130434783,0.7152777777777778,0.5789473684210527,0.5916666666666667,7,13,3,15,"7,13,3,15",,,,,
fixed_global_sweep,45,5,0.2,38,0.631578947368421,0.2631578947368421,0.46153846153846156,0.5333333333333333,0.6385041551246537,0.4473684210526316,0.4473684210526315,5,14,7,12,"5,14,7,12",,,,,
fixed_global_sweep,46,1,0.2,38,0.7058823529411765,0.3333333333333333,0.46153846153846156,0.5581395348837209,0.6680672268907563,0.5,0.5196078431372549,7,14,5,12,"7,14,5,12",,,,,
fixed_global_sweep,46,2,0.2,37,0.8571428571428571,0.21739130434782608,0.4,0.5454545454545454,0.7795031055900621,0.4594594594594595,0.5372670807453416,5,18,2,12,"5,18,2,12",,,,,
fixed_global_sweep,46,3,0.2,39,0.7777777777777778,0.047619047619047616,0.4117647058823529,0.5384615384615384,0.6957671957671958,0.38461538461538464,0.4126984126984127,1,20,4,14,"1,20,4,14",,,,,
fixed_global_sweep,46,4,0.2,38,0.8235294117647058,0.2857142857142857,0.4827586206896552,0.6086956521739131,0.6442577030812325,0.5263157894736842,0.5546218487394958,6,15,3,14,"6,15,3,14",,,,,
fixed_global_sweep,46,5,0.2,39,0.5,0.6190476190476191,0.5294117647058824,0.5142857142857142,0.6547619047619048,0.5641025641025641,0.5595238095238095,13,8,9,9,"13,8,9,9",,,,,
train_selected_threshold,42,1,0.5,38,0.7333333333333333,0.6956521739130435,0.6111111111111112,0.6666666666666666,0.7913043478260869,0.7105263157894737,0.7144927536231884,16,7,4,11,"16,7,4,11",max_recall_subject_to_specificity_ge_0.50,1.0,1.0,1.0,1.0
train_selected_threshold,42,2,0.5,38,0.7142857142857143,0.75,0.625,0.6666666666666666,0.6785714285714286,0.7368421052631579,0.7321428571428572,18,6,4,10,"18,6,4,10",max_recall_subject_to_specificity_ge_0.50,1.0,1.0,1.0,1.0
train_selected_threshold,42,3,0.5,38,0.7727272727272727,0.625,0.7391304347826086,0.7555555555555555,0.8068181818181819,0.7105263157894737,0.6988636363636364,10,6,5,17,"10,6,5,17",max_recall_subject_to_specificity_ge_0.50,1.0,1.0,1.0,1.0
train_selected_threshold,42,4,0.5,39,0.6875,0.4782608695652174,0.4782608695652174,0.5641025641025641,0.5991847826086958,0.5641025641025641,0.5828804347826086,11,12,5,11,"11,12,5,11",max_recall_subject_to_specificity_ge_0.50,1.0,1.0,1.0,1.0
train_selected_threshold,42,5,0.5,38,0.5882352941176471,0.7619047619047619,0.6666666666666666,0.625,0.6204481792717087,0.6842105263157895,0.6750700280112045,16,5,7,10,"16,5,7,10",max_recall_subject_to_specificity_ge_0.50,1.0,1.0,1.0,1.0
train_selected_threshold,43,1,0.5,38,0.9,0.5,0.391304347826087,0.5454545454545454,0.7339285714285715,0.6052631578947368,0.7,14,14,1,9,"14,14,1,9",max_recall_subject_to_specificity_ge_0.50,1.0,1.0,1.0,1.0
train_selected_threshold,43,2,0.5,38,0.6363636363636364,0.6875,0.7368421052631579,0.6829268292682927,0.6164772727272727,0.6578947368421053,0.6619318181818181,11,5,8,14,"11,5,8,14",max_recall_subject_to_specificity_ge_0.50,1.0,1.0,1.0,1.0
train_selected_threshold,43,3,0.5,39,0.631578947368421,0.9,0.8571428571428571,0.7272727272727273,0.7289473684210526,0.7692307692307693,0.7657894736842106,18,2,7,12,"18,2,7,12",max_recall_subject_to_specificity_ge_0.50,1.0,1.0,1.0,1.0
train_selected_threshold,43,4,0.5,38,0.625,0.8181818181818182,0.7142857142857143,0.6666666666666666,0.6946022727272726,0.7368421052631579,0.7215909090909092,18,4,6,10,"18,4,6,10",max_recall_subject_to_specificity_ge_0.50,1.0,1.0,1.0,1.0
train_selected_threshold,43,5,0.5,38,0.7058823529411765,0.7142857142857143,0.6666666666666666,0.6857142857142857,0.7338935574229692,0.7105263157894737,0.7100840336134454,15,6,5,12,"15,6,5,12",max_recall_subject_to_specificity_ge_0.50,1.0,1.0,1.0,1.0
train_selected_threshold,44,1,0.5,38,0.4375,0.5909090909090909,0.4375,0.4375,0.5653409090909092,0.5263157894736842,0.5142045454545454,13,9,9,7,"13,9,9,7",max_recall_subject_to_specificity_ge_0.50,1.0,1.0,1.0,1.0
train_selected_threshold,44,2,0.5,37,0.5714285714285714,0.6521739130434783,0.5,0.5333333333333333,0.6909937888198758,0.6216216216216216,0.6118012422360248,15,8,6,8,"15,8,6,8",max_recall_subject_to_specificity_ge_0.50,1.0,1.0,1.0,1.0
train_selected_threshold,44,3,0.5,39,0.7857142857142857,0.52,0.4782608695652174,0.5945945945945946,0.7742857142857142,0.6153846153846154,0.6528571428571428,13,12,3,11,"13,12,3,11",max_recall_subject_to_specificity_ge_0.50,1.0,1.0,1.0,1.0
train_selected_threshold,44,4,0.5,39,0.7894736842105263,0.65,0.6818181818181818,0.7317073170731707,0.7618421052631579,0.717948717948718,0.7197368421052632,13,7,4,15,"13,7,4,15",max_recall_subject_to_specificity_ge_0.50,1.0,1.0,1.0,1.0
train_selected_threshold,44,5,0.5,38,0.5714285714285714,0.9411764705882353,0.9230769230769231,0.7058823529411765,0.6470588235294117,0.7368421052631579,0.7563025210084033,16,1,9,12,"16,1,9,12",max_recall_subject_to_specificity_ge_0.50,1.0,1.0,1.0,1.0
train_selected_threshold,45,1,0.5,38,0.7272727272727273,0.6296296296296297,0.4444444444444444,0.5517241379310345,0.7845117845117845,0.6578947368421053,0.6784511784511784,17,10,3,8,"17,10,3,8",max_recall_subject_to_specificity_ge_0.50,1.0,1.0,1.0,1.0
train_selected_threshold,45,2,0.5,38,0.7272727272727273,0.875,0.8888888888888888,0.8,0.8167613636363638,0.7894736842105263,0.8011363636363636,14,2,6,16,"14,2,6,16",max_recall_subject_to_specificity_ge_0.50,1.0,1.0,1.0,1.0
train_selected_threshold,45,3,0.5,39,0.5,0.72,0.5,0.5,0.5828571428571429,0.6410256410256411,0.61,18,7,7,7,"18,7,7,7",max_recall_subject_to_specificity_ge_0.50,1.0,1.0,1.0,1.0
train_selected_threshold,45,4,0.5,38,0.7222222222222222,0.6,0.6190476190476191,0.6666666666666666,0.7416666666666667,0.6578947368421053,0.6611111111111111,12,8,5,13,"12,8,5,13",max_recall_subject_to_specificity_ge_0.50,1.0,1.0,1.0,1.0
train_selected_threshold,45,5,0.5,38,0.5789473684210527,0.6842105263157895,0.6470588235294118,0.6111111111111112,0.5858725761772854,0.631578947368421,0.631578947368421,13,6,8,11,"13,6,8,11",max_recall_subject_to_specificity_ge_0.50,1.0,1.0,1.0,1.0
train_selected_threshold,46,1,0.5,38,0.5882352941176471,0.9047619047619048,0.8333333333333334,0.6896551724137931,0.6946778711484594,0.7631578947368421,0.7464985994397759,19,2,7,10,"19,2,7,10",max_recall_subject_to_specificity_ge_0.50,1.0,1.0,1.0,1.0
train_selected_threshold,46,2,0.5,37,0.8571428571428571,0.391304347826087,0.46153846153846156,0.6,0.7795031055900621,0.5675675675675675,0.6242236024844721,9,14,2,12,"9,14,2,12",max_recall_subject_to_specificity_ge_0.50,1.0,1.0,1.0,1.0
train_selected_threshold,46,3,0.5,39,0.6666666666666666,0.5238095238095238,0.5454545454545454,0.6,0.6190476190476191,0.5897435897435898,0.5952380952380952,11,10,6,12,"11,10,6,12",max_recall_subject_to_specificity_ge_0.50,1.0,1.0,1.0,1.0
train_selected_threshold,46,4,0.5,38,0.7058823529411765,0.6666666666666666,0.631578947368421,0.6666666666666666,0.6974789915966386,0.6842105263157895,0.6862745098039216,14,7,5,12,"14,7,5,12",max_recall_subject_to_specificity_ge_0.50,1.0,1.0,1.0,1.0
train_selected_threshold,46,5,0.5,39,0.3888888888888889,0.9523809523809523,0.875,0.5384615384615384,0.5925925925925926,0.6923076923076923,0.6706349206349206,20,1,11,7,"20,1,11,7",max_recall_subject_to_specificity_ge_0.50,1.0,1.0,1.0,1.0
