analysis_type,seed,threshold,n_speakers,recall,specificity,precision,f1,roc_auc,accuracy,balanced_accuracy,true_negatives,false_positives,false_negatives,true_positives,confusion_matrix_tn_fp_fn_tp
fixed_global_sweep,42,0.5,191,0.7023809523809523,0.6635514018691588,0.6210526315789474,0.659217877094972,0.7001001335113485,0.680628272251309,0.6829661771250556,71,36,25,59,"71,36,25,59"
fixed_global_sweep,43,0.5,191,0.6785714285714286,0.7102803738317757,0.6477272727272727,0.6627906976744186,0.7027703604806408,0.6963350785340314,0.6944259012016021,76,31,27,57,"76,31,27,57"
fixed_global_sweep,44,0.5,191,0.6309523809523809,0.6542056074766355,0.5888888888888889,0.6091954022988506,0.6862483311081442,0.643979057591623,0.6425789942145081,70,37,31,53,"70,37,31,53"
fixed_global_sweep,45,0.5,191,0.6547619047619048,0.6915887850467289,0.625,0.6395348837209303,0.7003226524254562,0.675392670157068,0.6731753449043169,74,33,29,55,"74,33,29,55"
fixed_global_sweep,46,0.5,191,0.6309523809523809,0.6822429906542056,0.6091954022988506,0.6198830409356725,0.6582109479305741,0.6596858638743456,0.6565976858032933,73,34,31,53,"73,34,31,53"
fixed_global_sweep,42,0.475,191,0.7261904761904762,0.6355140186915887,0.61,0.6630434782608695,0.7113929684023143,0.675392670157068,0.6808522474410325,68,39,23,61,"68,39,23,61"
fixed_global_sweep,43,0.475,191,0.6785714285714286,0.6542056074766355,0.6063829787234043,0.6404494382022472,0.7017690253671561,0.6649214659685864,0.6663885180240321,70,37,27,57,"70,37,27,57"
fixed_global_sweep,44,0.475,191,0.6309523809523809,0.6355140186915887,0.5760869565217391,0.6022727272727273,0.6862483311081442,0.6335078534031413,0.6332331998219849,68,39,31,53,"68,39,31,53"
fixed_global_sweep,45,0.475,191,0.6547619047619048,0.6728971962616822,0.6111111111111112,0.632183908045977,0.7001557632398755,0.6649214659685864,0.6638295505117935,72,35,29,55,"72,35,29,55"
fixed_global_sweep,46,0.475,191,0.6428571428571429,0.6728971962616822,0.6067415730337079,0.6242774566473989,0.6680017801513128,0.6596858638743456,0.6578771695594126,72,35,30,54,"72,35,30,54"
fixed_global_sweep,42,0.45,191,0.7261904761904762,0.6261682242990654,0.6039603960396039,0.6594594594594595,0.7113929684023143,0.6701570680628273,0.6761793502447708,67,40,23,61,"67,40,23,61"
fixed_global_sweep,43,0.45,191,0.7023809523809523,0.6542056074766355,0.6145833333333334,0.6555555555555556,0.7017690253671561,0.675392670157068,0.678293279928794,70,37,25,59,"70,37,25,59"
fixed_global_sweep,44,0.45,191,0.6547619047619048,0.6355140186915887,0.5851063829787234,0.6179775280898876,0.6926457498887406,0.643979057591623,0.6451379617267468,68,39,29,55,"68,39,29,55"
fixed_global_sweep,45,0.45,191,0.6547619047619048,0.6728971962616822,0.6111111111111112,0.632183908045977,0.7001557632398755,0.6649214659685864,0.6638295505117935,72,35,29,55,"72,35,29,55"
fixed_global_sweep,46,0.45,191,0.6547619047619048,0.6542056074766355,0.5978260869565217,0.625,0.6747329773030707,0.6544502617801047,0.6544837561192701,70,37,29,55,"70,37,29,55"
fixed_global_sweep,42,0.425,191,0.7261904761904762,0.616822429906542,0.5980392156862745,0.6559139784946236,0.7113929684023143,0.6649214659685864,0.6715064530485091,66,41,23,61,"66,41,23,61"
fixed_global_sweep,43,0.425,191,0.7023809523809523,0.6448598130841121,0.6082474226804123,0.6519337016574586,0.7005451713395638,0.6701570680628273,0.6736203827325322,69,38,25,59,"69,38,25,59"
fixed_global_sweep,44,0.425,191,0.6785714285714286,0.6074766355140186,0.5757575757575758,0.6229508196721312,0.7005451713395638,0.6387434554973822,0.6430240320427236,65,42,27,57,"65,42,27,57"
fixed_global_sweep,45,0.425,191,0.6547619047619048,0.6728971962616822,0.6111111111111112,0.632183908045977,0.695315976858033,0.6649214659685864,0.6638295505117935,72,35,29,55,"72,35,29,55"
fixed_global_sweep,46,0.425,191,0.6785714285714286,0.6261682242990654,0.5876288659793815,0.6298342541436464,0.6747886070315977,0.6492146596858639,0.652369826435247,67,40,27,57,"67,40,27,57"
fixed_global_sweep,42,0.4,191,0.7380952380952381,0.5887850467289719,0.5849056603773585,0.6526315789473685,0.7113929684023143,0.6544502617801047,0.663440142412105,63,44,22,62,"63,44,22,62"
fixed_global_sweep,43,0.4,191,0.7023809523809523,0.6074766355140186,0.5841584158415841,0.6378378378378379,0.6997107254116599,0.6492146596858639,0.6549287939474855,65,42,25,59,"65,42,25,59"
fixed_global_sweep,44,0.4,191,0.7023809523809523,0.5887850467289719,0.5728155339805825,0.6310160427807486,0.7096128170894526,0.6387434554973822,0.6455829995549621,63,44,25,59,"63,44,25,59"
fixed_global_sweep,45,0.4,191,0.6666666666666666,0.6542056074766355,0.6021505376344086,0.632768361581921,0.7051624388072987,0.6596858638743456,0.660436137071651,70,37,28,56,"70,37,28,56"
fixed_global_sweep,46,0.4,191,0.6904761904761905,0.616822429906542,0.5858585858585859,0.6338797814207651,0.67456608811749,0.6492146596858639,0.6536493101913663,66,41,26,58,"66,41,26,58"
fixed_global_sweep,42,0.375,191,0.7380952380952381,0.5700934579439252,0.5740740740740741,0.6458333333333334,0.7113929684023143,0.643979057591623,0.6540943480195817,61,46,22,62,"61,46,22,62"
fixed_global_sweep,43,0.375,191,0.7023809523809523,0.5887850467289719,0.5728155339805825,0.6310160427807486,0.6935358255451713,0.6387434554973822,0.6455829995549621,63,44,25,59,"63,44,25,59"
fixed_global_sweep,44,0.375,191,0.7142857142857143,0.5514018691588785,0.5555555555555556,0.625,0.718235425011126,0.6230366492146597,0.6328437917222964,59,48,24,60,"59,48,24,60"
fixed_global_sweep,45,0.375,191,0.6666666666666666,0.6448598130841121,0.5957446808510638,0.6292134831460674,0.7049955496217178,0.6544502617801047,0.6557632398753894,69,38,28,56,"69,38,28,56"
fixed_global_sweep,46,0.375,191,0.6904761904761905,0.6074766355140186,0.58,0.6304347826086957,0.6714508233199822,0.643979057591623,0.6489764129951046,65,42,26,58,"65,42,26,58"
fixed_global_sweep,42,0.35,191,0.7380952380952381,0.5420560747663551,0.5585585585585585,0.6358974358974359,0.7052736982643525,0.6282722513089005,0.6400756564307966,58,49,22,62,"58,49,22,62"
fixed_global_sweep,43,0.35,191,0.7023809523809523,0.5700934579439252,0.5619047619047619,0.6243386243386243,0.6894192256341789,0.6282722513089005,0.6362372051624388,61,46,25,59,"61,46,25,59"
fixed_global_sweep,44,0.35,191,0.7380952380952381,0.5514018691588785,0.5636363636363636,0.6391752577319587,0.7138406764574989,0.6335078534031413,0.6447485536270583,59,48,22,62,"59,48,22,62"
fixed_global_sweep,45,0.35,191,0.6785714285714286,0.616822429906542,0.5816326530612245,0.6263736263736264,0.7157877169559413,0.643979057591623,0.6476969292389854,66,41,27,57,"66,41,27,57"
fixed_global_sweep,46,0.35,191,0.7023809523809523,0.5700934579439252,0.5619047619047619,0.6243386243386243,0.6649977748108589,0.6282722513089005,0.6362372051624388,61,46,25,59,"61,46,25,59"
fixed_global_sweep,42,0.325,191,0.7380952380952381,0.35514018691588783,0.4732824427480916,0.5767441860465117,0.7074432576769026,0.5235602094240838,0.546617712505563,38,69,22,62,"38,69,22,62"
fixed_global_sweep,43,0.325,191,0.7023809523809523,0.411214953271028,0.48360655737704916,0.5728155339805825,0.6888629283489096,0.5392670157068062,0.5567979528259902,44,63,25,59,"44,63,25,59"
fixed_global_sweep,44,0.325,191,0.7380952380952381,0.411214953271028,0.496,0.5933014354066986,0.7152870493991991,0.5549738219895288,0.5746550956831331,44,63,22,62,"44,63,22,62"
fixed_global_sweep,45,0.325,191,0.7023809523809523,0.411214953271028,0.48360655737704916,0.5728155339805825,0.7256898086337339,0.5392670157068062,0.5567979528259902,44,63,25,59,"44,63,25,59"
fixed_global_sweep,46,0.325,191,0.7023809523809523,0.37383177570093457,0.46825396825396826,0.5619047619047619,0.6638851802403204,0.518324607329843,0.5381063640409435,40,67,25,59,"40,67,25,59"
fixed_global_sweep,42,0.3,191,0.7380952380952381,0.34579439252336447,0.4696969696969697,0.5740740740740741,0.7026034712950601,0.518324607329843,0.5419448153093013,37,70,22,62,"37,70,22,62"
fixed_global_sweep,43,0.3,191,0.7142857142857143,0.3925233644859813,0.48,0.5741626794258373,0.6917556742323098,0.5340314136125655,0.5534045393858478,42,65,24,60,"42,65,24,60"
fixed_global_sweep,44,0.3,191,0.7380952380952381,0.3925233644859813,0.4881889763779528,0.5876777251184834,0.7160102358700491,0.5445026178010471,0.5653093012906097,42,65,22,62,"42,65,22,62"
fixed_global_sweep,45,0.3,191,0.7142857142857143,0.411214953271028,0.4878048780487805,0.5797101449275363,0.7253560302625723,0.5445026178010471,0.5627503337783711,44,63,24,60,"44,63,24,60"
fixed_global_sweep,46,0.3,191,0.7023809523809523,0.3644859813084112,0.4645669291338583,0.5592417061611374,0.6662216288384513,0.5130890052356021,0.5334334668446817,39,68,25,59,"39,68,25,59"
fixed_global_sweep,42,0.275,191,0.75,0.3364485981308411,0.4701492537313433,0.5779816513761468,0.7115598575878951,0.518324607329843,0.5432242990654206,36,71,21,63,"36,71,21,63"
fixed_global_sweep,43,0.275,191,0.7142857142857143,0.3925233644859813,0.48,0.5741626794258373,0.6907543391188252,0.5340314136125655,0.5534045393858478,42,65,24,60,"42,65,24,60"
fixed_global_sweep,44,0.275,191,0.7380952380952381,0.38317757009345793,0.484375,0.5849056603773585,0.7160102358700491,0.5392670157068062,0.560636404094348,41,66,22,62,"41,66,22,62"
fixed_global_sweep,45,0.275,191,0.7142857142857143,0.3925233644859813,0.48,0.5741626794258373,0.7251335113484646,0.5340314136125655,0.5534045393858478,42,65,24,60,"42,65,24,60"
fixed_global_sweep,46,0.275,191,0.7023809523809523,0.32710280373831774,0.45038167938931295,0.5488372093023256,0.6668891855807743,0.49214659685863876,0.514741878059635,35,72,25,59,"35,72,25,59"
fixed_global_sweep,42,0.25,191,0.7619047619047619,0.3177570093457944,0.46715328467153283,0.579185520361991,0.7170672007120606,0.5130890052356021,0.5398308856252781,34,73,20,64,"34,73,20,64"
fixed_global_sweep,43,0.25,191,0.7261904761904762,0.35514018691588783,0.46923076923076923,0.5700934579439252,0.6991544281263908,0.518324607329843,0.540665331553182,38,69,23,61,"38,69,23,61"
fixed_global_sweep,44,0.25,191,0.75,0.3644859813084112,0.48091603053435117,0.586046511627907,0.7180685358255452,0.5340314136125655,0.5572429906542056,39,68,21,63,"39,68,21,63"
fixed_global_sweep,45,0.25,191,0.7142857142857143,0.38317757009345793,0.47619047619047616,0.5714285714285714,0.7155651980418335,0.5287958115183246,0.5487316421895861,41,66,24,60,"41,66,24,60"
fixed_global_sweep,46,0.25,191,0.7142857142857143,0.3177570093457944,0.45112781954887216,0.5529953917050692,0.6741210502892746,0.49214659685863876,0.5160213618157543,34,73,24,60,"34,73,24,60"
fixed_global_sweep,42,0.225,191,0.7857142857142857,0.3177570093457944,0.4748201438848921,0.5919282511210763,0.72702492211838,0.5235602094240838,0.55173564753004,34,73,18,66,"34,73,18,66"
fixed_global_sweep,43,0.225,191,0.7261904761904762,0.34579439252336447,0.46564885496183206,0.5674418604651162,0.6943146417445483,0.5130890052356021,0.5359924343569203,37,70,23,61,"37,70,23,61"
fixed_global_sweep,44,0.225,191,0.75,0.34579439252336447,0.47368421052631576,0.5806451612903226,0.7179572763684913,0.5235602094240838,0.5478971962616822,37,70,21,63,"37,70,21,63"
fixed_global_sweep,45,0.225,191,0.7142857142857143,0.38317757009345793,0.47619047619047616,0.5714285714285714,0.708611481975968,0.5287958115183246,0.5487316421895861,41,66,24,60,"41,66,24,60"
fixed_global_sweep,46,0.225,191,0.7261904761904762,0.308411214953271,0.45185185185185184,0.5570776255707762,0.6827992879394748,0.49214659685863876,0.5173008455718736,33,74,23,61,"33,74,23,61"
fixed_global_sweep,42,0.2,191,0.7976190476190477,0.3177570093457944,0.4785714285714286,0.5982142857142857,0.7365376056964841,0.5287958115183246,0.557688028482421,34,73,17,67,"34,73,17,67"
fixed_global_sweep,43,0.2,191,0.7380952380952381,0.34579439252336447,0.4696969696969697,0.5740740740740741,0.706330663106364,0.518324607329843,0.5419448153093013,37,70,22,62,"37,70,22,62"
fixed_global_sweep,44,0.2,191,0.7619047619047619,0.3364485981308411,0.4740740740740741,0.5844748858447488,0.7178460169114375,0.5235602094240838,0.5491766800178015,36,71,20,64,"36,71,20,64"
fixed_global_sweep,45,0.2,191,0.7142857142857143,0.37383177570093457,0.47244094488188976,0.5687203791469194,0.7018802848242102,0.5235602094240838,0.5440587449933244,40,67,24,60,"40,67,24,60"
fixed_global_sweep,46,0.2,191,0.7261904761904762,0.29906542056074764,0.4485294117647059,0.5545454545454546,0.6785714285714285,0.4869109947643979,0.5126279483756119,32,75,23,61,"32,75,23,61"
train_selected_threshold,42,0.5,191,0.7023809523809523,0.6635514018691588,0.6210526315789474,0.659217877094972,0.7001001335113485,0.680628272251309,0.6829661771250556,71,36,25,59,"71,36,25,59"
train_selected_threshold,43,0.5,191,0.6785714285714286,0.7102803738317757,0.6477272727272727,0.6627906976744186,0.7027703604806408,0.6963350785340314,0.6944259012016021,76,31,27,57,"76,31,27,57"
train_selected_threshold,44,0.5,191,0.6309523809523809,0.6542056074766355,0.5888888888888889,0.6091954022988506,0.6862483311081442,0.643979057591623,0.6425789942145081,70,37,31,53,"70,37,31,53"
train_selected_threshold,45,0.5,191,0.6547619047619048,0.6915887850467289,0.625,0.6395348837209303,0.7003226524254562,0.675392670157068,0.6731753449043169,74,33,29,55,"74,33,29,55"
train_selected_threshold,46,0.5,191,0.6309523809523809,0.6822429906542056,0.6091954022988506,0.6198830409356725,0.6582109479305741,0.6596858638743456,0.6565976858032933,73,34,31,53,"73,34,31,53"
