dataset_version,backbone,classifier,seed,aggregation_method,threshold_policy,n_folds,n_speakers,duplicate_validation_speaker_rows,embedding_dim,selected_c_values,calibration_statuses,fold_note,threshold_mean,threshold_std,threshold_min,threshold_max,target_recall_pass,target_specificity_pass,target_zone_pass,recall,specificity,precision,f1,roc_auc,accuracy,balanced_accuracy,true_negatives,false_positives,false_negatives,true_positives,confusion_matrix_tn_fp_fn_tp
trusted_cleaned,microsoft/wavlm-base-plus,logistic_regression_platt,42,mean_score,default_0.5,5,191,0,1536,1.0;1.0;1.0;1.0;1.0,training_only_in_sample_platt,"StratifiedGroupKFold n_splits=5; speaker class counts={0: 107, 1: 84}",0.5,0.0,0.5,0.5,False,True,False,0.39285714285714285,0.8691588785046729,0.7021276595744681,0.5038167938931297,0.5973520249221184,0.6596858638743456,0.6310080106809078,93,14,51,33,"93,14,51,33"
trusted_cleaned,microsoft/wavlm-base-plus,logistic_regression_platt,42,mean_score,constrained_spec_ge_0.50,5,191,0,1536,1.0;1.0;1.0;1.0;1.0,training_only_in_sample_platt,"StratifiedGroupKFold n_splits=5; speaker class counts={0: 107, 1: 84}",0.9800000000000001,1.2412670766236366e-16,0.98,0.98,False,True,False,0.20238095238095238,0.9906542056074766,0.9444444444444444,0.3333333333333333,0.5973520249221184,0.643979057591623,0.5965175789942145,106,1,67,17,"106,1,67,17"
trusted_cleaned,microsoft/wavlm-base-plus,logistic_regression_platt,42,max_score,default_0.5,5,191,0,1536,1.0;1.0;1.0;1.0;1.0,training_only_in_sample_platt,"StratifiedGroupKFold n_splits=5; speaker class counts={0: 107, 1: 84}",0.5,0.0,0.5,0.5,False,True,False,0.40476190476190477,0.616822429906542,0.4533333333333333,0.4276729559748428,0.5275923453493547,0.5235602094240838,0.5107921673342234,66,41,50,34,"66,41,50,34"
trusted_cleaned,microsoft/wavlm-base-plus,logistic_regression_platt,42,max_score,constrained_spec_ge_0.50,5,191,0,1536,1.0;1.0;1.0;1.0;1.0,training_only_in_sample_platt,"StratifiedGroupKFold n_splits=5; speaker class counts={0: 107, 1: 84}",0.9800000000000001,1.2412670766236366e-16,0.98,0.98,False,True,False,0.25,0.8411214953271028,0.5526315789473685,0.3442622950819672,0.5275923453493547,0.581151832460733,0.5455607476635513,90,17,63,21,"90,17,63,21"
trusted_cleaned,microsoft/wavlm-base-plus,logistic_regression_platt,42,majority_vote,default_0.5,5,191,0,1536,1.0;1.0;1.0;1.0;1.0,training_only_in_sample_platt,"StratifiedGroupKFold n_splits=5; speaker class counts={0: 107, 1: 84}",0.5,0.0,0.5,0.5,False,True,False,0.40476190476190477,0.7757009345794392,0.5862068965517241,0.4788732394366197,0.57109479305741,0.612565445026178,0.5902314196706719,83,24,50,34,"83,24,50,34"
trusted_cleaned,microsoft/wavlm-base-plus,logistic_regression_platt,42,majority_vote,constrained_spec_ge_0.50,5,191,0,1536,1.0;1.0;1.0;1.0;1.0,training_only_in_sample_platt,"StratifiedGroupKFold n_splits=5; speaker class counts={0: 107, 1: 84}",0.9800000000000001,1.2412670766236366e-16,0.98,0.98,False,True,False,0.25,0.8878504672897196,0.6363636363636364,0.358974358974359,0.5611370716510903,0.6073298429319371,0.5689252336448598,95,12,63,21,"95,12,63,21"
trusted_cleaned,microsoft/wavlm-base-plus,logistic_regression_platt,43,mean_score,default_0.5,5,191,0,1536,1.0;1.0;1.0;1.0;1.0,training_only_in_sample_platt,"StratifiedGroupKFold n_splits=5; speaker class counts={0: 107, 1: 84}",0.5,0.0,0.5,0.5,False,True,False,0.39285714285714285,0.8504672897196262,0.673469387755102,0.49624060150375937,0.5947930574098799,0.6492146596858639,0.6216622162883845,91,16,51,33,"91,16,51,33"
trusted_cleaned,microsoft/wavlm-base-plus,logistic_regression_platt,43,mean_score,constrained_spec_ge_0.50,5,191,0,1536,1.0;1.0;1.0;1.0;1.0,training_only_in_sample_platt,"StratifiedGroupKFold n_splits=5; speaker class counts={0: 107, 1: 84}",0.9800000000000001,1.2412670766236366e-16,0.98,0.98,False,True,False,0.21428571428571427,0.9813084112149533,0.9,0.34615384615384615,0.5947930574098799,0.643979057591623,0.5977970627503337,105,2,66,18,"105,2,66,18"
trusted_cleaned,microsoft/wavlm-base-plus,logistic_regression_platt,43,max_score,default_0.5,5,191,0,1536,1.0;1.0;1.0;1.0;1.0,training_only_in_sample_platt,"StratifiedGroupKFold n_splits=5; speaker class counts={0: 107, 1: 84}",0.5,0.0,0.5,0.5,False,True,False,0.39285714285714285,0.5420560747663551,0.4024390243902439,0.39759036144578314,0.5041165999109924,0.47643979057591623,0.467456608811749,58,49,51,33,"58,49,51,33"
trusted_cleaned,microsoft/wavlm-base-plus,logistic_regression_platt,43,max_score,constrained_spec_ge_0.50,5,191,0,1536,1.0;1.0;1.0;1.0;1.0,training_only_in_sample_platt,"StratifiedGroupKFold n_splits=5; speaker class counts={0: 107, 1: 84}",0.9800000000000001,1.2412670766236366e-16,0.98,0.98,False,True,False,0.25,0.8130841121495327,0.5121951219512195,0.336,0.5041165999109924,0.5654450261780105,0.5315420560747663,87,20,63,21,"87,20,63,21"
trusted_cleaned,microsoft/wavlm-base-plus,logistic_regression_platt,43,majority_vote,default_0.5,5,191,0,1536,1.0;1.0;1.0;1.0;1.0,training_only_in_sample_platt,"StratifiedGroupKFold n_splits=5; speaker class counts={0: 107, 1: 84}",0.5,0.0,0.5,0.5,False,True,False,0.39285714285714285,0.7476635514018691,0.55,0.4583333333333333,0.5373831775700935,0.5916230366492147,0.570260347129506,80,27,51,33,"80,27,51,33"
trusted_cleaned,microsoft/wavlm-base-plus,logistic_regression_platt,43,majority_vote,constrained_spec_ge_0.50,5,191,0,1536,1.0;1.0;1.0;1.0;1.0,training_only_in_sample_platt,"StratifiedGroupKFold n_splits=5; speaker class counts={0: 107, 1: 84}",0.9800000000000001,1.2412670766236366e-16,0.98,0.98,False,True,False,0.25,0.9065420560747663,0.6774193548387096,0.3652173913043478,0.5498998664886514,0.6178010471204188,0.5782710280373832,97,10,63,21,"97,10,63,21"
trusted_cleaned,microsoft/wavlm-base-plus,logistic_regression_platt,44,mean_score,default_0.5,5,191,0,1536,1.0;1.0;1.0;1.0;1.0,training_only_in_sample_platt,"StratifiedGroupKFold n_splits=5; speaker class counts={0: 107, 1: 84}",0.5,0.0,0.5,0.5,False,True,False,0.4642857142857143,0.8411214953271028,0.6964285714285714,0.5571428571428572,0.6213840676457498,0.675392670157068,0.6527036048064085,90,17,45,39,"90,17,45,39"
trusted_cleaned,microsoft/wavlm-base-plus,logistic_regression_platt,44,mean_score,constrained_spec_ge_0.50,5,191,0,1536,1.0;1.0;1.0;1.0;1.0,training_only_in_sample_platt,"StratifiedGroupKFold n_splits=5; speaker class counts={0: 107, 1: 84}",0.9800000000000001,1.2412670766236366e-16,0.98,0.98,False,True,False,0.20238095238095238,0.9813084112149533,0.8947368421052632,0.3300970873786408,0.6213840676457498,0.6387434554973822,0.5918446817979528,105,2,67,17,"105,2,67,17"
trusted_cleaned,microsoft/wavlm-base-plus,logistic_regression_platt,44,max_score,default_0.5,5,191,0,1536,1.0;1.0;1.0;1.0;1.0,training_only_in_sample_platt,"StratifiedGroupKFold n_splits=5; speaker class counts={0: 107, 1: 84}",0.5,0.0,0.5,0.5,False,True,False,0.4642857142857143,0.5981308411214953,0.47560975609756095,0.46987951807228917,0.5274810858923009,0.5392670157068062,0.5312082777036048,64,43,45,39,"64,43,45,39"
trusted_cleaned,microsoft/wavlm-base-plus,logistic_regression_platt,44,max_score,constrained_spec_ge_0.50,5,191,0,1536,1.0;1.0;1.0;1.0;1.0,training_only_in_sample_platt,"StratifiedGroupKFold n_splits=5; speaker class counts={0: 107, 1: 84}",0.9800000000000001,1.2412670766236366e-16,0.98,0.98,False,True,False,0.2261904761904762,0.7757009345794392,0.4418604651162791,0.2992125984251969,0.5274810858923009,0.5340314136125655,0.5009457053849578,83,24,65,19,"83,24,65,19"
trusted_cleaned,microsoft/wavlm-base-plus,logistic_regression_platt,44,majority_vote,default_0.5,5,191,0,1536,1.0;1.0;1.0;1.0;1.0,training_only_in_sample_platt,"StratifiedGroupKFold n_splits=5; speaker class counts={0: 107, 1: 84}",0.5,0.0,0.5,0.5,False,True,False,0.4642857142857143,0.7570093457943925,0.6,0.5234899328859061,0.612483311081442,0.6282722513089005,0.6106475300400533,81,26,45,39,"81,26,45,39"
trusted_cleaned,microsoft/wavlm-base-plus,logistic_regression_platt,44,majority_vote,constrained_spec_ge_0.50,5,191,0,1536,1.0;1.0;1.0;1.0;1.0,training_only_in_sample_platt,"StratifiedGroupKFold n_splits=5; speaker class counts={0: 107, 1: 84}",0.9800000000000001,1.2412670766236366e-16,0.98,0.98,False,True,False,0.2261904761904762,0.8691588785046729,0.5757575757575758,0.3247863247863248,0.5215287049399199,0.5863874345549738,0.5476746773475746,93,14,65,19,"93,14,65,19"
trusted_cleaned,microsoft/wavlm-base-plus,logistic_regression_platt,45,mean_score,default_0.5,5,191,0,1536,1.0;1.0;1.0;1.0;1.0,training_only_in_sample_platt,"StratifiedGroupKFold n_splits=5; speaker class counts={0: 107, 1: 84}",0.5,0.0,0.5,0.5,False,True,False,0.38095238095238093,0.822429906542056,0.6274509803921569,0.4740740740740741,0.5856697819314641,0.6282722513089005,0.6016911437472185,88,19,52,32,"88,19,52,32"
trusted_cleaned,microsoft/wavlm-base-plus,logistic_regression_platt,45,mean_score,constrained_spec_ge_0.50,5,191,0,1536,1.0;1.0;1.0;1.0;1.0,training_only_in_sample_platt,"StratifiedGroupKFold n_splits=5; speaker class counts={0: 107, 1: 84}",0.9800000000000001,1.2412670766236366e-16,0.98,0.98,False,True,False,0.2261904761904762,0.9906542056074766,0.95,0.36538461538461536,0.5856697819314641,0.6544502617801047,0.6084223408989764,106,1,65,19,"106,1,65,19"
trusted_cleaned,microsoft/wavlm-base-plus,logistic_regression_platt,45,max_score,default_0.5,5,191,0,1536,1.0;1.0;1.0;1.0;1.0,training_only_in_sample_platt,"StratifiedGroupKFold n_splits=5; speaker class counts={0: 107, 1: 84}",0.5,0.0,0.5,0.5,False,True,False,0.4166666666666667,0.5700934579439252,0.43209876543209874,0.42424242424242425,0.5061192701379618,0.5026178010471204,0.49338006230529596,61,46,49,35,"61,46,49,35"
trusted_cleaned,microsoft/wavlm-base-plus,logistic_regression_platt,45,max_score,constrained_spec_ge_0.50,5,191,0,1536,1.0;1.0;1.0;1.0;1.0,training_only_in_sample_platt,"StratifiedGroupKFold n_splits=5; speaker class counts={0: 107, 1: 84}",0.9800000000000001,1.2412670766236366e-16,0.98,0.98,False,True,False,0.27380952380952384,0.794392523364486,0.5111111111111111,0.35658914728682173,0.5061192701379618,0.5654450261780105,0.534101023587005,85,22,61,23,"85,22,61,23"
trusted_cleaned,microsoft/wavlm-base-plus,logistic_regression_platt,45,majority_vote,default_0.5,5,191,0,1536,1.0;1.0;1.0;1.0;1.0,training_only_in_sample_platt,"StratifiedGroupKFold n_splits=5; speaker class counts={0: 107, 1: 84}",0.5,0.0,0.5,0.5,False,True,False,0.4166666666666667,0.7102803738317757,0.5303030303030303,0.4666666666666667,0.5604138851802403,0.581151832460733,0.5634735202492211,76,31,49,35,"76,31,49,35"
trusted_cleaned,microsoft/wavlm-base-plus,logistic_regression_platt,45,majority_vote,constrained_spec_ge_0.50,5,191,0,1536,1.0;1.0;1.0;1.0;1.0,training_only_in_sample_platt,"StratifiedGroupKFold n_splits=5; speaker class counts={0: 107, 1: 84}",0.9800000000000001,1.2412670766236366e-16,0.98,0.98,False,True,False,0.27380952380952384,0.8691588785046729,0.6216216216216216,0.38016528925619836,0.5571873609256787,0.6073298429319371,0.5714842011570984,93,14,61,23,"93,14,61,23"
trusted_cleaned,microsoft/wavlm-base-plus,logistic_regression_platt,46,mean_score,default_0.5,5,191,0,1536,1.0;1.0;1.0;1.0;1.0,training_only_in_sample_platt,"StratifiedGroupKFold n_splits=5; speaker class counts={0: 107, 1: 84}",0.5,0.0,0.5,0.5,False,True,False,0.4166666666666667,0.8598130841121495,0.7,0.5223880597014925,0.571762349799733,0.6649214659685864,0.6382398753894081,92,15,49,35,"92,15,49,35"
trusted_cleaned,microsoft/wavlm-base-plus,logistic_regression_platt,46,mean_score,constrained_spec_ge_0.50,5,191,0,1536,1.0;1.0;1.0;1.0;1.0,training_only_in_sample_platt,"StratifiedGroupKFold n_splits=5; speaker class counts={0: 107, 1: 84}",0.9800000000000001,1.2412670766236366e-16,0.98,0.98,False,True,False,0.19047619047619047,0.9906542056074766,0.9411764705882353,0.31683168316831684,0.571762349799733,0.6387434554973822,0.5905651980418336,106,1,68,16,"106,1,68,16"
trusted_cleaned,microsoft/wavlm-base-plus,logistic_regression_platt,46,max_score,default_0.5,5,191,0,1536,1.0;1.0;1.0;1.0;1.0,training_only_in_sample_platt,"StratifiedGroupKFold n_splits=5; speaker class counts={0: 107, 1: 84}",0.5,0.0,0.5,0.5,False,True,False,0.44047619047619047,0.5514018691588785,0.43529411764705883,0.4378698224852071,0.4953271028037383,0.5026178010471204,0.49593902981753446,59,48,47,37,"59,48,47,37"
trusted_cleaned,microsoft/wavlm-base-plus,logistic_regression_platt,46,max_score,constrained_spec_ge_0.50,5,191,0,1536,1.0;1.0;1.0;1.0;1.0,training_only_in_sample_platt,"StratifiedGroupKFold n_splits=5; speaker class counts={0: 107, 1: 84}",0.9800000000000001,1.2412670766236366e-16,0.98,0.98,False,True,False,0.23809523809523808,0.8411214953271028,0.5405405405405406,0.3305785123966942,0.4953271028037383,0.5759162303664922,0.5396083667111704,90,17,64,20,"90,17,64,20"
trusted_cleaned,microsoft/wavlm-base-plus,logistic_regression_platt,46,majority_vote,default_0.5,5,191,0,1536,1.0;1.0;1.0;1.0;1.0,training_only_in_sample_platt,"StratifiedGroupKFold n_splits=5; speaker class counts={0: 107, 1: 84}",0.5,0.0,0.5,0.5,False,True,False,0.44047619047619047,0.7476635514018691,0.578125,0.5,0.5765465064530484,0.612565445026178,0.5940698709390297,80,27,47,37,"80,27,47,37"
trusted_cleaned,microsoft/wavlm-base-plus,logistic_regression_platt,46,majority_vote,constrained_spec_ge_0.50,5,191,0,1536,1.0;1.0;1.0;1.0;1.0,training_only_in_sample_platt,"StratifiedGroupKFold n_splits=5; speaker class counts={0: 107, 1: 84}",0.9800000000000001,1.2412670766236366e-16,0.98,0.98,False,True,False,0.23809523809523808,0.9252336448598131,0.7142857142857143,0.35714285714285715,0.5565198041833556,0.6230366492146597,0.5816644414775256,99,8,64,20,"99,8,64,20"
trusted_cleaned,microsoft/wavlm-base-plus,linear_svm_platt,42,mean_score,default_0.5,5,191,0,1536,1.0;1.0;1.0;1.0;1.0,training_only_in_sample_platt,"StratifiedGroupKFold n_splits=5; speaker class counts={0: 107, 1: 84}",0.5,0.0,0.5,0.5,False,True,False,0.38095238095238093,0.8785046728971962,0.7111111111111111,0.49612403100775193,0.5982421005785492,0.6596858638743456,0.6297285269247885,94,13,52,32,"94,13,52,32"
trusted_cleaned,microsoft/wavlm-base-plus,linear_svm_platt,42,mean_score,constrained_spec_ge_0.50,5,191,0,1536,1.0;1.0;1.0;1.0;1.0,training_only_in_sample_platt,"StratifiedGroupKFold n_splits=5; speaker class counts={0: 107, 1: 84}",0.958,0.004472135954999583,0.95,0.96,False,True,False,0.16666666666666666,0.9906542056074766,0.9333333333333333,0.2828282828282828,0.5982421005785492,0.6282722513089005,0.5786604361370716,106,1,70,14,"106,1,70,14"
trusted_cleaned,microsoft/wavlm-base-plus,linear_svm_platt,42,max_score,default_0.5,5,191,0,1536,1.0;1.0;1.0;1.0;1.0,training_only_in_sample_platt,"StratifiedGroupKFold n_splits=5; speaker class counts={0: 107, 1: 84}",0.5,0.0,0.5,0.5,False,True,False,0.40476190476190477,0.6542056074766355,0.4788732394366197,0.43870967741935485,0.5100133511348465,0.5445026178010471,0.5294837561192701,70,37,50,34,"70,37,50,34"
trusted_cleaned,microsoft/wavlm-base-plus,linear_svm_platt,42,max_score,constrained_spec_ge_0.50,5,191,0,1536,1.0;1.0;1.0;1.0;1.0,training_only_in_sample_platt,"StratifiedGroupKFold n_splits=5; speaker class counts={0: 107, 1: 84}",0.958,0.004472135954999583,0.95,0.96,False,True,False,0.20238095238095238,0.8785046728971962,0.5666666666666667,0.2982456140350877,0.5100133511348465,0.581151832460733,0.5404428126390743,94,13,67,17,"94,13,67,17"
trusted_cleaned,microsoft/wavlm-base-plus,linear_svm_platt,42,majority_vote,default_0.5,5,191,0,1536,1.0;1.0;1.0;1.0;1.0,training_only_in_sample_platt,"StratifiedGroupKFold n_splits=5; speaker class counts={0: 107, 1: 84}",0.5,0.0,0.5,0.5,False,True,False,0.40476190476190477,0.7757009345794392,0.5862068965517241,0.4788732394366197,0.5787716955941256,0.612565445026178,0.5902314196706719,83,24,50,34,"83,24,50,34"
trusted_cleaned,microsoft/wavlm-base-plus,linear_svm_platt,42,majority_vote,constrained_spec_ge_0.50,5,191,0,1536,1.0;1.0;1.0;1.0;1.0,training_only_in_sample_platt,"StratifiedGroupKFold n_splits=5; speaker class counts={0: 107, 1: 84}",0.958,0.004472135954999583,0.95,0.96,False,True,False,0.20238095238095238,0.9065420560747663,0.6296296296296297,0.3063063063063063,0.5497886070315976,0.5968586387434555,0.5544615042278593,97,10,67,17,"97,10,67,17"
trusted_cleaned,microsoft/wavlm-base-plus,linear_svm_platt,43,mean_score,default_0.5,5,191,0,1536,1.0;1.0;1.0;1.0;1.0,training_only_in_sample_platt,"StratifiedGroupKFold n_splits=5; speaker class counts={0: 107, 1: 84}",0.5,0.0,0.5,0.5,False,True,False,0.34523809523809523,0.8598130841121495,0.6590909090909091,0.453125,0.5856697819314641,0.6335078534031413,0.6025255896751224,92,15,55,29,"92,15,55,29"
trusted_cleaned,microsoft/wavlm-base-plus,linear_svm_platt,43,mean_score,constrained_spec_ge_0.50,5,191,0,1536,1.0;1.0;1.0;1.0;1.0,training_only_in_sample_platt,"StratifiedGroupKFold n_splits=5; speaker class counts={0: 107, 1: 84}",0.958,0.004472135954999583,0.95,0.96,False,True,False,0.14285714285714285,0.9906542056074766,0.9230769230769231,0.24742268041237114,0.5856697819314641,0.6178010471204188,0.5667556742323098,106,1,72,12,"106,1,72,12"
trusted_cleaned,microsoft/wavlm-base-plus,linear_svm_platt,43,max_score,default_0.5,5,191,0,1536,1.0;1.0;1.0;1.0;1.0,training_only_in_sample_platt,"StratifiedGroupKFold n_splits=5; speaker class counts={0: 107, 1: 84}",0.5,0.0,0.5,0.5,False,True,False,0.35714285714285715,0.5514018691588785,0.38461538461538464,0.37037037037037035,0.4831998219848687,0.46596858638743455,0.45427236315086783,59,48,54,30,"59,48,54,30"
trusted_cleaned,microsoft/wavlm-base-plus,linear_svm_platt,43,max_score,constrained_spec_ge_0.50,5,191,0,1536,1.0;1.0;1.0;1.0;1.0,training_only_in_sample_platt,"StratifiedGroupKFold n_splits=5; speaker class counts={0: 107, 1: 84}",0.958,0.004472135954999583,0.95,0.96,False,True,False,0.16666666666666666,0.8598130841121495,0.4827586206896552,0.24778761061946902,0.4831998219848687,0.5549738219895288,0.5132398753894081,92,15,70,14,"92,15,70,14"
trusted_cleaned,microsoft/wavlm-base-plus,linear_svm_platt,43,majority_vote,default_0.5,5,191,0,1536,1.0;1.0;1.0;1.0;1.0,training_only_in_sample_platt,"StratifiedGroupKFold n_splits=5; speaker class counts={0: 107, 1: 84}",0.5,0.0,0.5,0.5,False,True,False,0.35714285714285715,0.7476635514018691,0.5263157894736842,0.425531914893617,0.5191366266132621,0.5759162303664922,0.5524032042723631,80,27,54,30,"80,27,54,30"
trusted_cleaned,microsoft/wavlm-base-plus,linear_svm_platt,43,majority_vote,constrained_spec_ge_0.50,5,191,0,1536,1.0;1.0;1.0;1.0;1.0,training_only_in_sample_platt,"StratifiedGroupKFold n_splits=5; speaker class counts={0: 107, 1: 84}",0.958,0.004472135954999583,0.95,0.96,False,True,False,0.16666666666666666,0.9345794392523364,0.6666666666666666,0.26666666666666666,0.5228081886960392,0.5968586387434555,0.5506230529595015,100,7,70,14,"100,7,70,14"
trusted_cleaned,microsoft/wavlm-base-plus,linear_svm_platt,44,mean_score,default_0.5,5,191,0,1536,1.0;1.0;1.0;1.0;1.0,training_only_in_sample_platt,"StratifiedGroupKFold n_splits=5; speaker class counts={0: 107, 1: 84}",0.5,0.0,0.5,0.5,False,True,False,0.4166666666666667,0.8504672897196262,0.6862745098039216,0.5185185185185185,0.6074766355140186,0.6596858638743456,0.6335669781931464,91,16,49,35,"91,16,49,35"
trusted_cleaned,microsoft/wavlm-base-plus,linear_svm_platt,44,mean_score,constrained_spec_ge_0.50,5,191,0,1536,1.0;1.0;1.0;1.0;1.0,training_only_in_sample_platt,"StratifiedGroupKFold n_splits=5; speaker class counts={0: 107, 1: 84}",0.96,0.0,0.96,0.96,False,True,False,0.14285714285714285,0.9906542056074766,0.9230769230769231,0.24742268041237114,0.6074766355140186,0.6178010471204188,0.5667556742323098,106,1,72,12,"106,1,72,12"
trusted_cleaned,microsoft/wavlm-base-plus,linear_svm_platt,44,max_score,default_0.5,5,191,0,1536,1.0;1.0;1.0;1.0;1.0,training_only_in_sample_platt,"StratifiedGroupKFold n_splits=5; speaker class counts={0: 107, 1: 84}",0.5,0.0,0.5,0.5,False,True,False,0.44047619047619047,0.5794392523364486,0.45121951219512196,0.4457831325301205,0.5141299510458389,0.518324607329843,0.5099577214063196,62,45,47,37,"62,45,47,37"
trusted_cleaned,microsoft/wavlm-base-plus,linear_svm_platt,44,max_score,constrained_spec_ge_0.50,5,191,0,1536,1.0;1.0;1.0;1.0;1.0,training_only_in_sample_platt,"StratifiedGroupKFold n_splits=5; speaker class counts={0: 107, 1: 84}",0.96,0.0,0.96,0.96,False,True,False,0.19047619047619047,0.8878504672897196,0.5714285714285714,0.2857142857142857,0.5141299510458389,0.581151832460733,0.539163328882955,95,12,68,16,"95,12,68,16"
trusted_cleaned,microsoft/wavlm-base-plus,linear_svm_platt,44,majority_vote,default_0.5,5,191,0,1536,1.0;1.0;1.0;1.0;1.0,training_only_in_sample_platt,"StratifiedGroupKFold n_splits=5; speaker class counts={0: 107, 1: 84}",0.5,0.0,0.5,0.5,False,True,False,0.44047619047619047,0.7570093457943925,0.5873015873015873,0.5034013605442177,0.5872274143302181,0.6178010471204188,0.5987427681352915,81,26,47,37,"81,26,47,37"
trusted_cleaned,microsoft/wavlm-base-plus,linear_svm_platt,44,majority_vote,constrained_spec_ge_0.50,5,191,0,1536,1.0;1.0;1.0;1.0;1.0,training_only_in_sample_platt,"StratifiedGroupKFold n_splits=5; speaker class counts={0: 107, 1: 84}",0.96,0.0,0.96,0.96,False,True,False,0.19047619047619047,0.9252336448598131,0.6666666666666666,0.2962962962962963,0.5467289719626168,0.6020942408376964,0.5578549176680018,99,8,68,16,"99,8,68,16"
trusted_cleaned,microsoft/wavlm-base-plus,linear_svm_platt,45,mean_score,default_0.5,5,191,0,1536,1.0;1.0;1.0;1.0;1.0,training_only_in_sample_platt,"StratifiedGroupKFold n_splits=5; speaker class counts={0: 107, 1: 84}",0.5,0.0,0.5,0.5,False,True,False,0.38095238095238093,0.8411214953271028,0.6530612244897959,0.48120300751879697,0.5856697819314642,0.6387434554973822,0.6110369381397418,90,17,52,32,"90,17,52,32"
trusted_cleaned,microsoft/wavlm-base-plus,linear_svm_platt,45,mean_score,constrained_spec_ge_0.50,5,191,0,1536,1.0;1.0;1.0;1.0;1.0,training_only_in_sample_platt,"StratifiedGroupKFold n_splits=5; speaker class counts={0: 107, 1: 84}",0.96,0.0,0.96,0.96,False,True,False,0.13095238095238096,0.9906542056074766,0.9166666666666666,0.22916666666666666,0.5856697819314642,0.612565445026178,0.5608032932799288,106,1,73,11,"106,1,73,11"
trusted_cleaned,microsoft/wavlm-base-plus,linear_svm_platt,45,max_score,default_0.5,5,191,0,1536,1.0;1.0;1.0;1.0;1.0,training_only_in_sample_platt,"StratifiedGroupKFold n_splits=5; speaker class counts={0: 107, 1: 84}",0.5,0.0,0.5,0.5,False,True,False,0.40476190476190477,0.5794392523364486,0.43037974683544306,0.4171779141104294,0.496328437917223,0.5026178010471204,0.49210057854917666,62,45,50,34,"62,45,50,34"
trusted_cleaned,microsoft/wavlm-base-plus,linear_svm_platt,45,max_score,constrained_spec_ge_0.50,5,191,0,1536,1.0;1.0;1.0;1.0;1.0,training_only_in_sample_platt,"StratifiedGroupKFold n_splits=5; speaker class counts={0: 107, 1: 84}",0.96,0.0,0.96,0.96,False,True,False,0.15476190476190477,0.9158878504672897,0.5909090909090909,0.24528301886792453,0.496328437917223,0.581151832460733,0.5353248776145972,98,9,71,13,"98,9,71,13"
trusted_cleaned,microsoft/wavlm-base-plus,linear_svm_platt,45,majority_vote,default_0.5,5,191,0,1536,1.0;1.0;1.0;1.0;1.0,training_only_in_sample_platt,"StratifiedGroupKFold n_splits=5; speaker class counts={0: 107, 1: 84}",0.5,0.0,0.5,0.5,False,True,False,0.40476190476190477,0.719626168224299,0.53125,0.4594594594594595,0.5550178015131286,0.581151832460733,0.562194036493102,77,30,50,34,"77,30,50,34"
trusted_cleaned,microsoft/wavlm-base-plus,linear_svm_platt,45,majority_vote,constrained_spec_ge_0.50,5,191,0,1536,1.0;1.0;1.0;1.0;1.0,training_only_in_sample_platt,"StratifiedGroupKFold n_splits=5; speaker class counts={0: 107, 1: 84}",0.96,0.0,0.96,0.96,False,True,False,0.15476190476190477,0.9345794392523364,0.65,0.25,0.5402202937249666,0.5916230366492147,0.5446706720071206,100,7,71,13,"100,7,71,13"
trusted_cleaned,microsoft/wavlm-base-plus,linear_svm_platt,46,mean_score,default_0.5,5,191,0,1536,1.0;1.0;1.0;1.0;1.0,training_only_in_sample_platt,"StratifiedGroupKFold n_splits=5; speaker class counts={0: 107, 1: 84}",0.5,0.0,0.5,0.5,False,True,False,0.39285714285714285,0.8691588785046729,0.7021276595744681,0.5038167938931297,0.5677570093457943,0.6596858638743456,0.6310080106809078,93,14,51,33,"93,14,51,33"
trusted_cleaned,microsoft/wavlm-base-plus,linear_svm_platt,46,mean_score,constrained_spec_ge_0.50,5,191,0,1536,1.0;1.0;1.0;1.0;1.0,training_only_in_sample_platt,"StratifiedGroupKFold n_splits=5; speaker class counts={0: 107, 1: 84}",0.96,0.0,0.96,0.96,False,True,False,0.16666666666666666,1.0,1.0,0.2857142857142857,0.5677570093457943,0.6335078534031413,0.5833333333333334,107,0,70,14,"107,0,70,14"
trusted_cleaned,microsoft/wavlm-base-plus,linear_svm_platt,46,max_score,default_0.5,5,191,0,1536,1.0;1.0;1.0;1.0;1.0,training_only_in_sample_platt,"StratifiedGroupKFold n_splits=5; speaker class counts={0: 107, 1: 84}",0.5,0.0,0.5,0.5,False,True,False,0.4166666666666667,0.6074766355140186,0.45454545454545453,0.43478260869565216,0.483756119270138,0.5235602094240838,0.5120716510903427,65,42,49,35,"65,42,49,35"
trusted_cleaned,microsoft/wavlm-base-plus,linear_svm_platt,46,max_score,constrained_spec_ge_0.50,5,191,0,1536,1.0;1.0;1.0;1.0;1.0,training_only_in_sample_platt,"StratifiedGroupKFold n_splits=5; speaker class counts={0: 107, 1: 84}",0.96,0.0,0.96,0.96,False,True,False,0.20238095238095238,0.897196261682243,0.6071428571428571,0.30357142857142855,0.483756119270138,0.5916230366492147,0.5497886070315977,96,11,67,17,"96,11,67,17"
trusted_cleaned,microsoft/wavlm-base-plus,linear_svm_platt,46,majority_vote,default_0.5,5,191,0,1536,1.0;1.0;1.0;1.0;1.0,training_only_in_sample_platt,"StratifiedGroupKFold n_splits=5; speaker class counts={0: 107, 1: 84}",0.5,0.0,0.5,0.5,False,True,False,0.4166666666666667,0.7663551401869159,0.5833333333333334,0.4861111111111111,0.5765465064530485,0.612565445026178,0.5915109034267912,82,25,49,35,"82,25,49,35"
trusted_cleaned,microsoft/wavlm-base-plus,linear_svm_platt,46,majority_vote,constrained_spec_ge_0.50,5,191,0,1536,1.0;1.0;1.0;1.0;1.0,training_only_in_sample_platt,"StratifiedGroupKFold n_splits=5; speaker class counts={0: 107, 1: 84}",0.96,0.0,0.96,0.96,False,True,False,0.20238095238095238,0.9532710280373832,0.7727272727272727,0.32075471698113206,0.5593569203382287,0.6230366492146597,0.5778259902091678,102,5,67,17,"102,5,67,17"
trusted_cleaned,facebook/hubert-base-ls960,logistic_regression_platt,42,mean_score,default_0.5,5,191,0,1536,1.0;1.0;1.0;1.0;1.0,training_only_in_sample_platt,"StratifiedGroupKFold n_splits=5; speaker class counts={0: 107, 1: 84}",0.5,0.0,0.5,0.5,False,True,False,0.47619047619047616,0.8878504672897196,0.7692307692307693,0.5882352941176471,0.6517578994214509,0.7068062827225131,0.6820204717400979,95,12,44,40,"95,12,44,40"
trusted_cleaned,facebook/hubert-base-ls960,logistic_regression_platt,42,mean_score,constrained_spec_ge_0.50,5,191,0,1536,1.0;1.0;1.0;1.0;1.0,training_only_in_sample_platt,"StratifiedGroupKFold n_splits=5; speaker class counts={0: 107, 1: 84}",0.9800000000000001,1.2412670766236366e-16,0.98,0.98,False,True,False,0.2619047619047619,0.9906542056074766,0.9565217391304348,0.411214953271028,0.6517578994214509,0.6701570680628273,0.6262794837561193,106,1,62,22,"106,1,62,22"
trusted_cleaned,facebook/hubert-base-ls960,logistic_regression_platt,42,max_score,default_0.5,5,191,0,1536,1.0;1.0;1.0;1.0;1.0,training_only_in_sample_platt,"StratifiedGroupKFold n_splits=5; speaker class counts={0: 107, 1: 84}",0.5,0.0,0.5,0.5,False,True,False,0.5,0.6074766355140186,0.5,0.5,0.5736537605696485,0.5602094240837696,0.5537383177570093,65,42,42,42,"65,42,42,42"
trusted_cleaned,facebook/hubert-base-ls960,logistic_regression_platt,42,max_score,constrained_spec_ge_0.50,5,191,0,1536,1.0;1.0;1.0;1.0;1.0,training_only_in_sample_platt,"StratifiedGroupKFold n_splits=5; speaker class counts={0: 107, 1: 84}",0.9800000000000001,1.2412670766236366e-16,0.98,0.98,False,True,False,0.30952380952380953,0.8504672897196262,0.6190476190476191,0.4126984126984127,0.5736537605696485,0.612565445026178,0.5799955496217178,91,16,58,26,"91,16,58,26"
trusted_cleaned,facebook/hubert-base-ls960,logistic_regression_platt,42,majority_vote,default_0.5,5,191,0,1536,1.0;1.0;1.0;1.0;1.0,training_only_in_sample_platt,"StratifiedGroupKFold n_splits=5; speaker class counts={0: 107, 1: 84}",0.5,0.0,0.5,0.5,False,True,False,0.5,0.7570093457943925,0.6176470588235294,0.5526315789473685,0.625,0.643979057591623,0.6285046728971962,81,26,42,42,"81,26,42,42"
trusted_cleaned,facebook/hubert-base-ls960,logistic_regression_platt,42,majority_vote,constrained_spec_ge_0.50,5,191,0,1536,1.0;1.0;1.0;1.0;1.0,training_only_in_sample_platt,"StratifiedGroupKFold n_splits=5; speaker class counts={0: 107, 1: 84}",0.9800000000000001,1.2412670766236366e-16,0.98,0.98,False,True,False,0.30952380952380953,0.9345794392523364,0.7878787878787878,0.4444444444444444,0.5999109924343569,0.6596858638743456,0.6220516243880729,100,7,58,26,"100,7,58,26"
trusted_cleaned,facebook/hubert-base-ls960,logistic_regression_platt,43,mean_score,default_0.5,5,191,0,1536,1.0;1.0;1.0;1.0;1.0,training_only_in_sample_platt,"StratifiedGroupKFold n_splits=5; speaker class counts={0: 107, 1: 84}",0.5,0.0,0.5,0.5,False,True,False,0.5119047619047619,0.8878504672897196,0.7818181818181819,0.6187050359712231,0.6741210502892746,0.7225130890052356,0.6998776145972407,95,12,41,43,"95,12,41,43"
trusted_cleaned,facebook/hubert-base-ls960,logistic_regression_platt,43,mean_score,constrained_spec_ge_0.50,5,191,0,1536,1.0;1.0;1.0;1.0;1.0,training_only_in_sample_platt,"StratifiedGroupKFold n_splits=5; speaker class counts={0: 107, 1: 84}",0.9800000000000001,1.2412670766236366e-16,0.98,0.98,False,True,False,0.21428571428571427,0.9813084112149533,0.9,0.34615384615384615,0.6741210502892746,0.643979057591623,0.5977970627503337,105,2,66,18,"105,2,66,18"
trusted_cleaned,facebook/hubert-base-ls960,logistic_regression_platt,43,max_score,default_0.5,5,191,0,1536,1.0;1.0;1.0;1.0;1.0,training_only_in_sample_platt,"StratifiedGroupKFold n_splits=5; speaker class counts={0: 107, 1: 84}",0.5,0.0,0.5,0.5,False,True,False,0.5238095238095238,0.6261682242990654,0.5238095238095238,0.5238095238095238,0.5873386737872719,0.581151832460733,0.5749888740542946,67,40,40,44,"67,40,40,44"
trusted_cleaned,facebook/hubert-base-ls960,logistic_regression_platt,43,max_score,constrained_spec_ge_0.50,5,191,0,1536,1.0;1.0;1.0;1.0;1.0,training_only_in_sample_platt,"StratifiedGroupKFold n_splits=5; speaker class counts={0: 107, 1: 84}",0.9800000000000001,1.2412670766236366e-16,0.98,0.98,False,True,False,0.25,0.8411214953271028,0.5526315789473685,0.3442622950819672,0.5873386737872719,0.581151832460733,0.5455607476635513,90,17,63,21,"90,17,63,21"
trusted_cleaned,facebook/hubert-base-ls960,logistic_regression_platt,43,majority_vote,default_0.5,5,191,0,1536,1.0;1.0;1.0;1.0;1.0,training_only_in_sample_platt,"StratifiedGroupKFold n_splits=5; speaker class counts={0: 107, 1: 84}",0.5,0.0,0.5,0.5,False,True,False,0.5238095238095238,0.7757009345794392,0.6470588235294118,0.5789473684210527,0.6510903426791277,0.6649214659685864,0.6497552291944815,83,24,40,44,"83,24,40,44"
trusted_cleaned,facebook/hubert-base-ls960,logistic_regression_platt,43,majority_vote,constrained_spec_ge_0.50,5,191,0,1536,1.0;1.0;1.0;1.0;1.0,training_only_in_sample_platt,"StratifiedGroupKFold n_splits=5; speaker class counts={0: 107, 1: 84}",0.9800000000000001,1.2412670766236366e-16,0.98,0.98,False,True,False,0.25,0.9439252336448598,0.7777777777777778,0.3783783783783784,0.5619158878504673,0.6387434554973822,0.5969626168224299,101,6,63,21,"101,6,63,21"
trusted_cleaned,facebook/hubert-base-ls960,logistic_regression_platt,44,mean_score,default_0.5,5,191,0,1536,1.0;1.0;1.0;1.0;1.0,training_only_in_sample_platt,"StratifiedGroupKFold n_splits=5; speaker class counts={0: 107, 1: 84}",0.5,0.0,0.5,0.5,False,True,False,0.44047619047619047,0.8504672897196262,0.6981132075471698,0.5401459854014599,0.6410769915442812,0.6701570680628273,0.6454717400979083,91,16,47,37,"91,16,47,37"
trusted_cleaned,facebook/hubert-base-ls960,logistic_regression_platt,44,mean_score,constrained_spec_ge_0.50,5,191,0,1536,1.0;1.0;1.0;1.0;1.0,training_only_in_sample_platt,"StratifiedGroupKFold n_splits=5; speaker class counts={0: 107, 1: 84}",0.982,0.004472135954999583,0.98,0.99,False,True,False,0.21428571428571427,0.9906542056074766,0.9473684210526315,0.34951456310679613,0.6410769915442812,0.6492146596858639,0.6024699599465955,106,1,66,18,"106,1,66,18"
trusted_cleaned,facebook/hubert-base-ls960,logistic_regression_platt,44,max_score,default_0.5,5,191,0,1536,1.0;1.0;1.0;1.0;1.0,training_only_in_sample_platt,"StratifiedGroupKFold n_splits=5; speaker class counts={0: 107, 1: 84}",0.5,0.0,0.5,0.5,False,True,False,0.4642857142857143,0.5794392523364486,0.4642857142857143,0.4642857142857143,0.5609701824655096,0.5287958115183246,0.5218624833110814,62,45,45,39,"62,45,45,39"
trusted_cleaned,facebook/hubert-base-ls960,logistic_regression_platt,44,max_score,constrained_spec_ge_0.50,5,191,0,1536,1.0;1.0;1.0;1.0;1.0,training_only_in_sample_platt,"StratifiedGroupKFold n_splits=5; speaker class counts={0: 107, 1: 84}",0.982,0.004472135954999583,0.98,0.99,False,True,False,0.2619047619047619,0.8598130841121495,0.5945945945945946,0.36363636363636365,0.5609701824655096,0.5968586387434555,0.5608589230084557,92,15,62,22,"92,15,62,22"
trusted_cleaned,facebook/hubert-base-ls960,logistic_regression_platt,44,majority_vote,default_0.5,5,191,0,1536,1.0;1.0;1.0;1.0;1.0,training_only_in_sample_platt,"StratifiedGroupKFold n_splits=5; speaker class counts={0: 107, 1: 84}",0.5,0.0,0.5,0.5,False,True,False,0.4642857142857143,0.7383177570093458,0.582089552238806,0.5165562913907285,0.5939029817534491,0.6178010471204188,0.6013017356475301,79,28,45,39,"79,28,45,39"
trusted_cleaned,facebook/hubert-base-ls960,logistic_regression_platt,44,majority_vote,constrained_spec_ge_0.50,5,191,0,1536,1.0;1.0;1.0;1.0;1.0,training_only_in_sample_platt,"StratifiedGroupKFold n_splits=5; speaker class counts={0: 107, 1: 84}",0.982,0.004472135954999583,0.98,0.99,False,True,False,0.2619047619047619,0.9345794392523364,0.7586206896551724,0.3893805309734513,0.5759902091677792,0.6387434554973822,0.5982421005785492,100,7,62,22,"100,7,62,22"
trusted_cleaned,facebook/hubert-base-ls960,logistic_regression_platt,45,mean_score,default_0.5,5,191,0,1536,1.0;1.0;1.0;1.0;1.0,training_only_in_sample_platt,"StratifiedGroupKFold n_splits=5; speaker class counts={0: 107, 1: 84}",0.5,0.0,0.5,0.5,False,True,False,0.47619047619047616,0.9158878504672897,0.8163265306122449,0.6015037593984962,0.6645527369826437,0.7225130890052356,0.6960391633288829,98,9,44,40,"98,9,44,40"
trusted_cleaned,facebook/hubert-base-ls960,logistic_regression_platt,45,mean_score,constrained_spec_ge_0.50,5,191,0,1536,1.0;1.0;1.0;1.0;1.0,training_only_in_sample_platt,"StratifiedGroupKFold n_splits=5; speaker class counts={0: 107, 1: 84}",0.982,0.004472135954999583,0.98,0.99,False,True,False,0.25,0.9906542056074766,0.9545454545454546,0.39622641509433965,0.6645527369826437,0.6649214659685864,0.6203271028037383,106,1,63,21,"106,1,63,21"
trusted_cleaned,facebook/hubert-base-ls960,logistic_regression_platt,45,max_score,default_0.5,5,191,0,1536,1.0;1.0;1.0;1.0;1.0,training_only_in_sample_platt,"StratifiedGroupKFold n_splits=5; speaker class counts={0: 107, 1: 84}",0.5,0.0,0.5,0.5,False,True,False,0.5119047619047619,0.5794392523364486,0.48863636363636365,0.5,0.5776591010235871,0.5497382198952879,0.5456720071206052,62,45,41,43,"62,45,41,43"
trusted_cleaned,facebook/hubert-base-ls960,logistic_regression_platt,45,max_score,constrained_spec_ge_0.50,5,191,0,1536,1.0;1.0;1.0;1.0;1.0,training_only_in_sample_platt,"StratifiedGroupKFold n_splits=5; speaker class counts={0: 107, 1: 84}",0.982,0.004472135954999583,0.98,0.99,False,True,False,0.2857142857142857,0.9065420560747663,0.7058823529411765,0.4067796610169492,0.5776591010235871,0.6335078534031413,0.5961281708945261,97,10,60,24,"97,10,60,24"
trusted_cleaned,facebook/hubert-base-ls960,logistic_regression_platt,45,majority_vote,default_0.5,5,191,0,1536,1.0;1.0;1.0;1.0;1.0,training_only_in_sample_platt,"StratifiedGroupKFold n_splits=5; speaker class counts={0: 107, 1: 84}",0.5,0.0,0.5,0.5,False,True,False,0.5119047619047619,0.8037383177570093,0.671875,0.581081081081081,0.6360146862483311,0.675392670157068,0.6578215398308855,86,21,41,43,"86,21,41,43"
trusted_cleaned,facebook/hubert-base-ls960,logistic_regression_platt,45,majority_vote,constrained_spec_ge_0.50,5,191,0,1536,1.0;1.0;1.0;1.0;1.0,training_only_in_sample_platt,"StratifiedGroupKFold n_splits=5; speaker class counts={0: 107, 1: 84}",0.982,0.004472135954999583,0.98,0.99,False,True,False,0.2857142857142857,0.9626168224299065,0.8571428571428571,0.42857142857142855,0.6070315976858032,0.6649214659685864,0.6241655540720961,103,4,60,24,"103,4,60,24"
trusted_cleaned,facebook/hubert-base-ls960,logistic_regression_platt,46,mean_score,default_0.5,5,191,0,1536,1.0;1.0;1.0;1.0;1.0,training_only_in_sample_platt,"StratifiedGroupKFold n_splits=5; speaker class counts={0: 107, 1: 84}",0.5,0.0,0.5,0.5,False,True,False,0.47619047619047616,0.794392523364486,0.6451612903225806,0.547945205479452,0.6135959056519804,0.6544502617801047,0.635291499777481,85,22,44,40,"85,22,44,40"
trusted_cleaned,facebook/hubert-base-ls960,logistic_regression_platt,46,mean_score,constrained_spec_ge_0.50,5,191,0,1536,1.0;1.0;1.0;1.0;1.0,training_only_in_sample_platt,"StratifiedGroupKFold n_splits=5; speaker class counts={0: 107, 1: 84}",0.9800000000000001,1.2412670766236366e-16,0.98,0.98,False,True,False,0.19047619047619047,0.9719626168224299,0.8421052631578947,0.3106796116504854,0.6135959056519804,0.6282722513089005,0.5812194036493101,104,3,68,16,"104,3,68,16"
trusted_cleaned,facebook/hubert-base-ls960,logistic_regression_platt,46,max_score,default_0.5,5,191,0,1536,1.0;1.0;1.0;1.0;1.0,training_only_in_sample_platt,"StratifiedGroupKFold n_splits=5; speaker class counts={0: 107, 1: 84}",0.5,0.0,0.5,0.5,False,True,False,0.47619047619047616,0.5607476635514018,0.45977011494252873,0.4678362573099415,0.5307076101468625,0.5235602094240838,0.518469069870939,60,47,44,40,"60,47,44,40"
trusted_cleaned,facebook/hubert-base-ls960,logistic_regression_platt,46,max_score,constrained_spec_ge_0.50,5,191,0,1536,1.0;1.0;1.0;1.0;1.0,training_only_in_sample_platt,"StratifiedGroupKFold n_splits=5; speaker class counts={0: 107, 1: 84}",0.9800000000000001,1.2412670766236366e-16,0.98,0.98,False,True,False,0.25,0.8317757009345794,0.5384615384615384,0.34146341463414637,0.5307076101468625,0.5759162303664922,0.5408878504672897,89,18,63,21,"89,18,63,21"
trusted_cleaned,facebook/hubert-base-ls960,logistic_regression_platt,46,majority_vote,default_0.5,5,191,0,1536,1.0;1.0;1.0;1.0;1.0,training_only_in_sample_platt,"StratifiedGroupKFold n_splits=5; speaker class counts={0: 107, 1: 84}",0.5,0.0,0.5,0.5,False,True,False,0.47619047619047616,0.7102803738317757,0.5633802816901409,0.5161290322580645,0.5961838006230531,0.6073298429319371,0.5932354250111259,76,31,44,40,"76,31,44,40"
trusted_cleaned,facebook/hubert-base-ls960,logistic_regression_platt,46,majority_vote,constrained_spec_ge_0.50,5,191,0,1536,1.0;1.0;1.0;1.0;1.0,training_only_in_sample_platt,"StratifiedGroupKFold n_splits=5; speaker class counts={0: 107, 1: 84}",0.9800000000000001,1.2412670766236366e-16,0.98,0.98,False,True,False,0.25,0.9439252336448598,0.7777777777777778,0.3783783783783784,0.5572429906542056,0.6387434554973822,0.5969626168224299,101,6,63,21,"101,6,63,21"
trusted_cleaned,facebook/hubert-base-ls960,linear_svm_platt,42,mean_score,default_0.5,5,191,0,1536,1.0;1.0;1.0;1.0;1.0,training_only_in_sample_platt,"StratifiedGroupKFold n_splits=5; speaker class counts={0: 107, 1: 84}",0.5,0.0,0.5,0.5,False,True,False,0.40476190476190477,0.8785046728971962,0.723404255319149,0.5190839694656488,0.641299510458389,0.6701570680628273,0.6416332888295505,94,13,50,34,"94,13,50,34"
trusted_cleaned,facebook/hubert-base-ls960,linear_svm_platt,42,mean_score,constrained_spec_ge_0.50,5,191,0,1536,1.0;1.0;1.0;1.0;1.0,training_only_in_sample_platt,"StratifiedGroupKFold n_splits=5; speaker class counts={0: 107, 1: 84}",0.96,0.0,0.96,0.96,False,True,False,0.16666666666666666,0.9906542056074766,0.9333333333333333,0.2828282828282828,0.641299510458389,0.6282722513089005,0.5786604361370716,106,1,70,14,"106,1,70,14"
trusted_cleaned,facebook/hubert-base-ls960,linear_svm_platt,42,max_score,default_0.5,5,191,0,1536,1.0;1.0;1.0;1.0;1.0,training_only_in_sample_platt,"StratifiedGroupKFold n_splits=5; speaker class counts={0: 107, 1: 84}",0.5,0.0,0.5,0.5,False,True,False,0.4523809523809524,0.616822429906542,0.4810126582278481,0.4662576687116564,0.5600801068090788,0.5445026178010471,0.5346016911437472,66,41,46,38,"66,41,46,38"
trusted_cleaned,facebook/hubert-base-ls960,linear_svm_platt,42,max_score,constrained_spec_ge_0.50,5,191,0,1536,1.0;1.0;1.0;1.0;1.0,training_only_in_sample_platt,"StratifiedGroupKFold n_splits=5; speaker class counts={0: 107, 1: 84}",0.96,0.0,0.96,0.96,False,True,False,0.21428571428571427,0.9065420560747663,0.6428571428571429,0.32142857142857145,0.5600801068090788,0.6020942408376964,0.5604138851802403,97,10,66,18,"97,10,66,18"
trusted_cleaned,facebook/hubert-base-ls960,linear_svm_platt,42,majority_vote,default_0.5,5,191,0,1536,1.0;1.0;1.0;1.0;1.0,training_only_in_sample_platt,"StratifiedGroupKFold n_splits=5; speaker class counts={0: 107, 1: 84}",0.5,0.0,0.5,0.5,False,True,False,0.4523809523809524,0.7850467289719626,0.6229508196721312,0.5241379310344828,0.5961281708945261,0.6387434554973822,0.6187138406764575,84,23,46,38,"84,23,46,38"
trusted_cleaned,facebook/hubert-base-ls960,linear_svm_platt,42,majority_vote,constrained_spec_ge_0.50,5,191,0,1536,1.0;1.0;1.0;1.0;1.0,training_only_in_sample_platt,"StratifiedGroupKFold n_splits=5; speaker class counts={0: 107, 1: 84}",0.96,0.0,0.96,0.96,False,True,False,0.21428571428571427,0.9532710280373832,0.782608695652174,0.3364485981308411,0.5680907877169559,0.6282722513089005,0.5837783711615487,102,5,66,18,"102,5,66,18"
trusted_cleaned,facebook/hubert-base-ls960,linear_svm_platt,43,mean_score,default_0.5,5,191,0,1536,1.0;1.0;1.0;1.0;1.0,training_only_in_sample_platt,"StratifiedGroupKFold n_splits=5; speaker class counts={0: 107, 1: 84}",0.5,0.0,0.5,0.5,False,True,False,0.40476190476190477,0.8785046728971962,0.723404255319149,0.5190839694656488,0.6653315531820204,0.6701570680628273,0.6416332888295505,94,13,50,34,"94,13,50,34"
trusted_cleaned,facebook/hubert-base-ls960,linear_svm_platt,43,mean_score,constrained_spec_ge_0.50,5,191,0,1536,1.0;1.0;1.0;1.0;1.0,training_only_in_sample_platt,"StratifiedGroupKFold n_splits=5; speaker class counts={0: 107, 1: 84}",0.958,0.004472135954999583,0.95,0.96,False,True,False,0.15476190476190477,1.0,1.0,0.26804123711340205,0.6653315531820204,0.6282722513089005,0.5773809523809523,107,0,71,13,"107,0,71,13"
trusted_cleaned,facebook/hubert-base-ls960,linear_svm_platt,43,max_score,default_0.5,5,191,0,1536,1.0;1.0;1.0;1.0;1.0,training_only_in_sample_platt,"StratifiedGroupKFold n_splits=5; speaker class counts={0: 107, 1: 84}",0.5,0.0,0.5,0.5,False,True,False,0.4523809523809524,0.6261682242990654,0.48717948717948717,0.4691358024691358,0.5707610146862483,0.5497382198952879,0.5392745883400089,67,40,46,38,"67,40,46,38"
trusted_cleaned,facebook/hubert-base-ls960,linear_svm_platt,43,max_score,constrained_spec_ge_0.50,5,191,0,1536,1.0;1.0;1.0;1.0;1.0,training_only_in_sample_platt,"StratifiedGroupKFold n_splits=5; speaker class counts={0: 107, 1: 84}",0.958,0.004472135954999583,0.95,0.96,False,True,False,0.17857142857142858,0.9439252336448598,0.7142857142857143,0.2857142857142857,0.5707610146862483,0.6073298429319371,0.5612483311081442,101,6,69,15,"101,6,69,15"
trusted_cleaned,facebook/hubert-base-ls960,linear_svm_platt,43,majority_vote,default_0.5,5,191,0,1536,1.0;1.0;1.0;1.0;1.0,training_only_in_sample_platt,"StratifiedGroupKFold n_splits=5; speaker class counts={0: 107, 1: 84}",0.5,0.0,0.5,0.5,False,True,False,0.4523809523809524,0.7850467289719626,0.6229508196721312,0.5241379310344828,0.6012461059190031,0.6387434554973822,0.6187138406764575,84,23,46,38,"84,23,46,38"
trusted_cleaned,facebook/hubert-base-ls960,linear_svm_platt,43,majority_vote,constrained_spec_ge_0.50,5,191,0,1536,1.0;1.0;1.0;1.0;1.0,training_only_in_sample_platt,"StratifiedGroupKFold n_splits=5; speaker class counts={0: 107, 1: 84}",0.958,0.004472135954999583,0.95,0.96,False,True,False,0.17857142857142858,0.9813084112149533,0.8823529411764706,0.297029702970297,0.5659212283044059,0.6282722513089005,0.5799399198931909,105,2,69,15,"105,2,69,15"
trusted_cleaned,facebook/hubert-base-ls960,linear_svm_platt,44,mean_score,default_0.5,5,191,0,1536,1.0;1.0;1.0;1.0;1.0,training_only_in_sample_platt,"StratifiedGroupKFold n_splits=5; speaker class counts={0: 107, 1: 84}",0.5,0.0,0.5,0.5,False,True,False,0.39285714285714285,0.8878504672897196,0.7333333333333333,0.5116279069767442,0.6385180240320426,0.6701570680628273,0.6403538050734312,95,12,51,33,"95,12,51,33"
trusted_cleaned,facebook/hubert-base-ls960,linear_svm_platt,44,mean_score,constrained_spec_ge_0.50,5,191,0,1536,1.0;1.0;1.0;1.0;1.0,training_only_in_sample_platt,"StratifiedGroupKFold n_splits=5; speaker class counts={0: 107, 1: 84}",0.96,0.0,0.96,0.96,False,True,False,0.10714285714285714,0.9906542056074766,0.9,0.19148936170212766,0.6385180240320426,0.6020942408376964,0.5488985313751669,106,1,75,9,"106,1,75,9"
trusted_cleaned,facebook/hubert-base-ls960,linear_svm_platt,44,max_score,default_0.5,5,191,0,1536,1.0;1.0;1.0;1.0;1.0,training_only_in_sample_platt,"StratifiedGroupKFold n_splits=5; speaker class counts={0: 107, 1: 84}",0.5,0.0,0.5,0.5,False,True,False,0.4166666666666667,0.6261682242990654,0.4666666666666667,0.44025157232704404,0.5457276368491323,0.5340314136125655,0.5214174454828661,67,40,49,35,"67,40,49,35"
trusted_cleaned,facebook/hubert-base-ls960,linear_svm_platt,44,max_score,constrained_spec_ge_0.50,5,191,0,1536,1.0;1.0;1.0;1.0;1.0,training_only_in_sample_platt,"StratifiedGroupKFold n_splits=5; speaker class counts={0: 107, 1: 84}",0.96,0.0,0.96,0.96,False,True,False,0.15476190476190477,0.9065420560747663,0.5652173913043478,0.24299065420560748,0.5457276368491323,0.5759162303664922,0.5306519804183356,97,10,71,13,"97,10,71,13"
trusted_cleaned,facebook/hubert-base-ls960,linear_svm_platt,44,majority_vote,default_0.5,5,191,0,1536,1.0;1.0;1.0;1.0;1.0,training_only_in_sample_platt,"StratifiedGroupKFold n_splits=5; speaker class counts={0: 107, 1: 84}",0.5,0.0,0.5,0.5,False,True,False,0.4166666666666667,0.822429906542056,0.6481481481481481,0.5072463768115942,0.5799399198931909,0.643979057591623,0.6195482866043613,88,19,49,35,"88,19,49,35"
trusted_cleaned,facebook/hubert-base-ls960,linear_svm_platt,44,majority_vote,constrained_spec_ge_0.50,5,191,0,1536,1.0;1.0;1.0;1.0;1.0,training_only_in_sample_platt,"StratifiedGroupKFold n_splits=5; speaker class counts={0: 107, 1: 84}",0.96,0.0,0.96,0.96,False,True,False,0.15476190476190477,0.9719626168224299,0.8125,0.26,0.5364931019136626,0.612565445026178,0.5633622607921673,104,3,71,13,"104,3,71,13"
trusted_cleaned,facebook/hubert-base-ls960,linear_svm_platt,45,mean_score,default_0.5,5,191,0,1536,1.0;1.0;1.0;1.0;1.0,training_only_in_sample_platt,"StratifiedGroupKFold n_splits=5; speaker class counts={0: 107, 1: 84}",0.5,0.0,0.5,0.5,False,True,False,0.40476190476190477,0.9345794392523364,0.8292682926829268,0.544,0.6575433911882511,0.7015706806282722,0.6696706720071206,100,7,50,34,"100,7,50,34"
trusted_cleaned,facebook/hubert-base-ls960,linear_svm_platt,45,mean_score,constrained_spec_ge_0.50,5,191,0,1536,1.0;1.0;1.0;1.0;1.0,training_only_in_sample_platt,"StratifiedGroupKFold n_splits=5; speaker class counts={0: 107, 1: 84}",0.96,0.0,0.96,0.96,False,True,False,0.15476190476190477,1.0,1.0,0.26804123711340205,0.6575433911882511,0.6282722513089005,0.5773809523809523,107,0,71,13,"107,0,71,13"
trusted_cleaned,facebook/hubert-base-ls960,linear_svm_platt,45,max_score,default_0.5,5,191,0,1536,1.0;1.0;1.0;1.0;1.0,training_only_in_sample_platt,"StratifiedGroupKFold n_splits=5; speaker class counts={0: 107, 1: 84}",0.5,0.0,0.5,0.5,False,True,False,0.4523809523809524,0.6635514018691588,0.5135135135135135,0.4810126582278481,0.5685358255451713,0.5706806282722513,0.5579661771250556,71,36,46,38,"71,36,46,38"
trusted_cleaned,facebook/hubert-base-ls960,linear_svm_platt,45,max_score,constrained_spec_ge_0.50,5,191,0,1536,1.0;1.0;1.0;1.0;1.0,training_only_in_sample_platt,"StratifiedGroupKFold n_splits=5; speaker class counts={0: 107, 1: 84}",0.96,0.0,0.96,0.96,False,True,False,0.19047619047619047,0.9626168224299065,0.8,0.3076923076923077,0.5685358255451713,0.6230366492146597,0.5765465064530485,103,4,68,16,"103,4,68,16"
trusted_cleaned,facebook/hubert-base-ls960,linear_svm_platt,45,majority_vote,default_0.5,5,191,0,1536,1.0;1.0;1.0;1.0;1.0,training_only_in_sample_platt,"StratifiedGroupKFold n_splits=5; speaker class counts={0: 107, 1: 84}",0.5,0.0,0.5,0.5,False,True,False,0.4523809523809524,0.8504672897196262,0.7037037037037037,0.5507246376811594,0.623497997329773,0.675392670157068,0.6514241210502892,91,16,46,38,"91,16,46,38"
trusted_cleaned,facebook/hubert-base-ls960,linear_svm_platt,45,majority_vote,constrained_spec_ge_0.50,5,191,0,1536,1.0;1.0;1.0;1.0;1.0,training_only_in_sample_platt,"StratifiedGroupKFold n_splits=5; speaker class counts={0: 107, 1: 84}",0.96,0.0,0.96,0.96,False,True,False,0.19047619047619047,0.9906542056074766,0.9411764705882353,0.31683168316831684,0.5799399198931909,0.6387434554973822,0.5905651980418336,106,1,68,16,"106,1,68,16"
trusted_cleaned,facebook/hubert-base-ls960,linear_svm_platt,46,mean_score,default_0.5,5,191,0,1536,1.0;1.0;1.0;1.0;1.0,training_only_in_sample_platt,"StratifiedGroupKFold n_splits=5; speaker class counts={0: 107, 1: 84}",0.5,0.0,0.5,0.5,False,True,False,0.39285714285714285,0.822429906542056,0.6346153846153846,0.4852941176470588,0.6040275923453493,0.6335078534031413,0.6076435246995995,88,19,51,33,"88,19,51,33"
trusted_cleaned,facebook/hubert-base-ls960,linear_svm_platt,46,mean_score,constrained_spec_ge_0.50,5,191,0,1536,1.0;1.0;1.0;1.0;1.0,training_only_in_sample_platt,"StratifiedGroupKFold n_splits=5; speaker class counts={0: 107, 1: 84}",0.96,0.0,0.96,0.96,False,True,False,0.11904761904761904,0.9906542056074766,0.9090909090909091,0.21052631578947367,0.6040275923453493,0.6073298429319371,0.5548509123275478,106,1,74,10,"106,1,74,10"
trusted_cleaned,facebook/hubert-base-ls960,linear_svm_platt,46,max_score,default_0.5,5,191,0,1536,1.0;1.0;1.0;1.0;1.0,training_only_in_sample_platt,"StratifiedGroupKFold n_splits=5; speaker class counts={0: 107, 1: 84}",0.5,0.0,0.5,0.5,False,True,False,0.4166666666666667,0.5794392523364486,0.4375,0.4268292682926829,0.514018691588785,0.5078534031413613,0.4980529595015576,62,45,49,35,"62,45,49,35"
trusted_cleaned,facebook/hubert-base-ls960,linear_svm_platt,46,max_score,constrained_spec_ge_0.50,5,191,0,1536,1.0;1.0;1.0;1.0;1.0,training_only_in_sample_platt,"StratifiedGroupKFold n_splits=5; speaker class counts={0: 107, 1: 84}",0.96,0.0,0.96,0.96,False,True,False,0.17857142857142858,0.8878504672897196,0.5555555555555556,0.2702702702702703,0.514018691588785,0.5759162303664922,0.5332109479305741,95,12,69,15,"95,12,69,15"
trusted_cleaned,facebook/hubert-base-ls960,linear_svm_platt,46,majority_vote,default_0.5,5,191,0,1536,1.0;1.0;1.0;1.0;1.0,training_only_in_sample_platt,"StratifiedGroupKFold n_splits=5; speaker class counts={0: 107, 1: 84}",0.5,0.0,0.5,0.5,False,True,False,0.4166666666666667,0.7663551401869159,0.5833333333333334,0.4861111111111111,0.5663662661326214,0.612565445026178,0.5915109034267912,82,25,49,35,"82,25,49,35"
trusted_cleaned,facebook/hubert-base-ls960,linear_svm_platt,46,majority_vote,constrained_spec_ge_0.50,5,191,0,1536,1.0;1.0;1.0;1.0;1.0,training_only_in_sample_platt,"StratifiedGroupKFold n_splits=5; speaker class counts={0: 107, 1: 84}",0.96,0.0,0.96,0.96,False,True,False,0.17857142857142858,0.9813084112149533,0.8823529411764706,0.297029702970297,0.5418335558522475,0.6282722513089005,0.5799399198931909,105,2,69,15,"105,2,69,15"
trusted_cleaned,facebook/wav2vec2-base,logistic_regression_platt,42,mean_score,default_0.5,5,191,0,1536,1.0;1.0;1.0;1.0;1.0,training_only_in_sample_platt,"StratifiedGroupKFold n_splits=5; speaker class counts={0: 107, 1: 84}",0.5,0.0,0.5,0.5,False,True,False,0.5119047619047619,0.8504672897196262,0.7288135593220338,0.6013986013986014,0.6006898086337339,0.7015706806282722,0.681186025812194,91,16,41,43,"91,16,41,43"
trusted_cleaned,facebook/wav2vec2-base,logistic_regression_platt,42,mean_score,constrained_spec_ge_0.50,5,191,0,1536,1.0;1.0;1.0;1.0;1.0,training_only_in_sample_platt,"StratifiedGroupKFold n_splits=5; speaker class counts={0: 107, 1: 84}",0.974,0.005477225575051666,0.97,0.98,False,True,False,0.19047619047619047,0.9906542056074766,0.9411764705882353,0.31683168316831684,0.6006898086337339,0.6387434554973822,0.5905651980418336,106,1,68,16,"106,1,68,16"
trusted_cleaned,facebook/wav2vec2-base,logistic_regression_platt,42,max_score,default_0.5,5,191,0,1536,1.0;1.0;1.0;1.0;1.0,training_only_in_sample_platt,"StratifiedGroupKFold n_splits=5; speaker class counts={0: 107, 1: 84}",0.5,0.0,0.5,0.5,False,True,False,0.5119047619047619,0.5700934579439252,0.48314606741573035,0.49710982658959535,0.49844236760124605,0.5445026178010471,0.5409991099243435,61,46,41,43,"61,46,41,43"
trusted_cleaned,facebook/wav2vec2-base,logistic_regression_platt,42,max_score,constrained_spec_ge_0.50,5,191,0,1536,1.0;1.0;1.0;1.0;1.0,training_only_in_sample_platt,"StratifiedGroupKFold n_splits=5; speaker class counts={0: 107, 1: 84}",0.974,0.005477225575051666,0.97,0.98,False,True,False,0.27380952380952384,0.794392523364486,0.5111111111111111,0.35658914728682173,0.49844236760124605,0.5654450261780105,0.534101023587005,85,22,61,23,"85,22,61,23"
trusted_cleaned,facebook/wav2vec2-base,logistic_regression_platt,42,majority_vote,default_0.5,5,191,0,1536,1.0;1.0;1.0;1.0;1.0,training_only_in_sample_platt,"StratifiedGroupKFold n_splits=5; speaker class counts={0: 107, 1: 84}",0.5,0.0,0.5,0.5,False,True,False,0.5119047619047619,0.7476635514018691,0.6142857142857143,0.5584415584415584,0.6224410324877614,0.643979057591623,0.6297841566533156,80,27,41,43,"80,27,41,43"
trusted_cleaned,facebook/wav2vec2-base,logistic_regression_platt,42,majority_vote,constrained_spec_ge_0.50,5,191,0,1536,1.0;1.0;1.0;1.0;1.0,training_only_in_sample_platt,"StratifiedGroupKFold n_splits=5; speaker class counts={0: 107, 1: 84}",0.974,0.005477225575051666,0.97,0.98,False,True,False,0.27380952380952384,0.9158878504672897,0.71875,0.39655172413793105,0.5562972852692478,0.6335078534031413,0.5948486871384068,98,9,61,23,"98,9,61,23"
trusted_cleaned,facebook/wav2vec2-base,logistic_regression_platt,43,mean_score,default_0.5,5,191,0,1536,1.0;1.0;1.0;1.0;1.0,training_only_in_sample_platt,"StratifiedGroupKFold n_splits=5; speaker class counts={0: 107, 1: 84}",0.5,0.0,0.5,0.5,False,True,False,0.4166666666666667,0.8411214953271028,0.6730769230769231,0.5147058823529411,0.5848909657320872,0.6544502617801047,0.6288940809968847,90,17,49,35,"90,17,49,35"
trusted_cleaned,facebook/wav2vec2-base,logistic_regression_platt,43,mean_score,constrained_spec_ge_0.50,5,191,0,1536,1.0;1.0;1.0;1.0;1.0,training_only_in_sample_platt,"StratifiedGroupKFold n_splits=5; speaker class counts={0: 107, 1: 84}",0.974,0.005477225575051666,0.97,0.98,False,True,False,0.17857142857142858,0.9906542056074766,0.9375,0.3,0.5848909657320872,0.6335078534031413,0.5846128170894526,106,1,69,15,"106,1,69,15"
trusted_cleaned,facebook/wav2vec2-base,logistic_regression_platt,43,max_score,default_0.5,5,191,0,1536,1.0;1.0;1.0;1.0;1.0,training_only_in_sample_platt,"StratifiedGroupKFold n_splits=5; speaker class counts={0: 107, 1: 84}",0.5,0.0,0.5,0.5,False,True,False,0.44047619047619047,0.5794392523364486,0.45121951219512196,0.4457831325301205,0.49621717846016916,0.518324607329843,0.5099577214063196,62,45,47,37,"62,45,47,37"
trusted_cleaned,facebook/wav2vec2-base,logistic_regression_platt,43,max_score,constrained_spec_ge_0.50,5,191,0,1536,1.0;1.0;1.0;1.0;1.0,training_only_in_sample_platt,"StratifiedGroupKFold n_splits=5; speaker class counts={0: 107, 1: 84}",0.974,0.005477225575051666,0.97,0.98,False,True,False,0.23809523809523808,0.8317757009345794,0.5263157894736842,0.32786885245901637,0.49621717846016916,0.5706806282722513,0.5349354695149088,89,18,64,20,"89,18,64,20"
trusted_cleaned,facebook/wav2vec2-base,logistic_regression_platt,43,majority_vote,default_0.5,5,191,0,1536,1.0;1.0;1.0;1.0;1.0,training_only_in_sample_platt,"StratifiedGroupKFold n_splits=5; speaker class counts={0: 107, 1: 84}",0.5,0.0,0.5,0.5,False,True,False,0.44047619047619047,0.7757009345794392,0.6065573770491803,0.5103448275862069,0.581330663106364,0.6282722513089005,0.6080885625278148,83,24,47,37,"83,24,47,37"
trusted_cleaned,facebook/wav2vec2-base,logistic_regression_platt,43,majority_vote,constrained_spec_ge_0.50,5,191,0,1536,1.0;1.0;1.0;1.0;1.0,training_only_in_sample_platt,"StratifiedGroupKFold n_splits=5; speaker class counts={0: 107, 1: 84}",0.974,0.005477225575051666,0.97,0.98,False,True,False,0.23809523809523808,0.9252336448598131,0.7142857142857143,0.35714285714285715,0.5510680907877169,0.6230366492146597,0.5816644414775256,99,8,64,20,"99,8,64,20"
trusted_cleaned,facebook/wav2vec2-base,logistic_regression_platt,44,mean_score,default_0.5,5,191,0,1536,1.0;1.0;1.0;1.0;1.0,training_only_in_sample_platt,"StratifiedGroupKFold n_splits=5; speaker class counts={0: 107, 1: 84}",0.5,0.0,0.5,0.5,False,True,False,0.35714285714285715,0.8785046728971962,0.6976744186046512,0.47244094488188976,0.6009123275478415,0.6492146596858639,0.6178237650200267,94,13,54,30,"94,13,54,30"
trusted_cleaned,facebook/wav2vec2-base,logistic_regression_platt,44,mean_score,constrained_spec_ge_0.50,5,191,0,1536,1.0;1.0;1.0;1.0;1.0,training_only_in_sample_platt,"StratifiedGroupKFold n_splits=5; speaker class counts={0: 107, 1: 84}",0.9719999999999999,0.004472135954999584,0.97,0.98,False,True,False,0.23809523809523808,0.9813084112149533,0.9090909090909091,0.37735849056603776,0.6009123275478415,0.6544502617801047,0.6097018246550957,105,2,64,20,"105,2,64,20"
trusted_cleaned,facebook/wav2vec2-base,logistic_regression_platt,44,max_score,default_0.5,5,191,0,1536,1.0;1.0;1.0;1.0;1.0,training_only_in_sample_platt,"StratifiedGroupKFold n_splits=5; speaker class counts={0: 107, 1: 84}",0.5,0.0,0.5,0.5,False,True,False,0.4166666666666667,0.616822429906542,0.4605263157894737,0.4375,0.5191366266132621,0.5287958115183246,0.5167445482866043,66,41,49,35,"66,41,49,35"
trusted_cleaned,facebook/wav2vec2-base,logistic_regression_platt,44,max_score,constrained_spec_ge_0.50,5,191,0,1536,1.0;1.0;1.0;1.0;1.0,training_only_in_sample_platt,"StratifiedGroupKFold n_splits=5; speaker class counts={0: 107, 1: 84}",0.9719999999999999,0.004472135954999584,0.97,0.98,False,True,False,0.2976190476190476,0.7850467289719626,0.5208333333333334,0.3787878787878788,0.5191366266132621,0.5706806282722513,0.5413328882955051,84,23,59,25,"84,23,59,25"
trusted_cleaned,facebook/wav2vec2-base,logistic_regression_platt,44,majority_vote,default_0.5,5,191,0,1536,1.0;1.0;1.0;1.0;1.0,training_only_in_sample_platt,"StratifiedGroupKFold n_splits=5; speaker class counts={0: 107, 1: 84}",0.5,0.0,0.5,0.5,False,True,False,0.4166666666666667,0.8037383177570093,0.625,0.5,0.5779372496662217,0.6335078534031413,0.610202492211838,86,21,49,35,"86,21,49,35"
trusted_cleaned,facebook/wav2vec2-base,logistic_regression_platt,44,majority_vote,constrained_spec_ge_0.50,5,191,0,1536,1.0;1.0;1.0;1.0;1.0,training_only_in_sample_platt,"StratifiedGroupKFold n_splits=5; speaker class counts={0: 107, 1: 84}",0.9719999999999999,0.004472135954999584,0.97,0.98,False,True,False,0.2976190476190476,0.9252336448598131,0.7575757575757576,0.42735042735042733,0.5680351579884291,0.6492146596858639,0.6114263462394304,99,8,59,25,"99,8,59,25"
trusted_cleaned,facebook/wav2vec2-base,logistic_regression_platt,45,mean_score,default_0.5,5,191,0,1536,1.0;1.0;1.0;1.0;1.0,training_only_in_sample_platt,"StratifiedGroupKFold n_splits=5; speaker class counts={0: 107, 1: 84}",0.5,0.0,0.5,0.5,False,True,False,0.42857142857142855,0.8691588785046729,0.72,0.5373134328358209,0.5882287494437027,0.675392670157068,0.6488651535380507,93,14,48,36,"93,14,48,36"
trusted_cleaned,facebook/wav2vec2-base,logistic_regression_platt,45,mean_score,constrained_spec_ge_0.50,5,191,0,1536,1.0;1.0;1.0;1.0;1.0,training_only_in_sample_platt,"StratifiedGroupKFold n_splits=5; speaker class counts={0: 107, 1: 84}",0.974,0.005477225575051666,0.97,0.98,False,True,False,0.23809523809523808,1.0,1.0,0.38461538461538464,0.5882287494437027,0.6649214659685864,0.6190476190476191,107,0,64,20,"107,0,64,20"
trusted_cleaned,facebook/wav2vec2-base,logistic_regression_platt,45,max_score,default_0.5,5,191,0,1536,1.0;1.0;1.0;1.0;1.0,training_only_in_sample_platt,"StratifiedGroupKFold n_splits=5; speaker class counts={0: 107, 1: 84}",0.5,0.0,0.5,0.5,False,True,False,0.4642857142857143,0.6074766355140186,0.48148148148148145,0.4727272727272727,0.5010013351134847,0.5445026178010471,0.5358811748998664,65,42,45,39,"65,42,45,39"
trusted_cleaned,facebook/wav2vec2-base,logistic_regression_platt,45,max_score,constrained_spec_ge_0.50,5,191,0,1536,1.0;1.0;1.0;1.0;1.0,training_only_in_sample_platt,"StratifiedGroupKFold n_splits=5; speaker class counts={0: 107, 1: 84}",0.974,0.005477225575051666,0.97,0.98,False,True,False,0.2857142857142857,0.8130841121495327,0.5454545454545454,0.375,0.5010013351134847,0.581151832460733,0.5493991989319091,87,20,60,24,"87,20,60,24"
trusted_cleaned,facebook/wav2vec2-base,logistic_regression_platt,45,majority_vote,default_0.5,5,191,0,1536,1.0;1.0;1.0;1.0;1.0,training_only_in_sample_platt,"StratifiedGroupKFold n_splits=5; speaker class counts={0: 107, 1: 84}",0.5,0.0,0.5,0.5,False,True,False,0.4642857142857143,0.8037383177570093,0.65,0.5416666666666666,0.6118713840676457,0.6544502617801047,0.6340120160213618,86,21,45,39,"86,21,45,39"
trusted_cleaned,facebook/wav2vec2-base,logistic_regression_platt,45,majority_vote,constrained_spec_ge_0.50,5,191,0,1536,1.0;1.0;1.0;1.0;1.0,training_only_in_sample_platt,"StratifiedGroupKFold n_splits=5; speaker class counts={0: 107, 1: 84}",0.974,0.005477225575051666,0.97,0.98,False,True,False,0.2857142857142857,0.9345794392523364,0.7741935483870968,0.41739130434782606,0.5738762794837561,0.6492146596858639,0.6101468624833111,100,7,60,24,"100,7,60,24"
trusted_cleaned,facebook/wav2vec2-base,logistic_regression_platt,46,mean_score,default_0.5,5,191,0,1536,1.0;1.0;1.0;1.0;1.0,training_only_in_sample_platt,"StratifiedGroupKFold n_splits=5; speaker class counts={0: 107, 1: 84}",0.5,0.0,0.5,0.5,False,True,False,0.4166666666666667,0.8878504672897196,0.7446808510638298,0.5343511450381679,0.5822207387627949,0.680628272251309,0.6522585669781932,95,12,49,35,"95,12,49,35"
trusted_cleaned,facebook/wav2vec2-base,logistic_regression_platt,46,mean_score,constrained_spec_ge_0.50,5,191,0,1536,1.0;1.0;1.0;1.0;1.0,training_only_in_sample_platt,"StratifiedGroupKFold n_splits=5; speaker class counts={0: 107, 1: 84}",0.974,0.005477225575051666,0.97,0.98,False,True,False,0.21428571428571427,0.9813084112149533,0.9,0.34615384615384615,0.5822207387627949,0.643979057591623,0.5977970627503337,105,2,66,18,"105,2,66,18"
trusted_cleaned,facebook/wav2vec2-base,logistic_regression_platt,46,max_score,default_0.5,5,191,0,1536,1.0;1.0;1.0;1.0;1.0,training_only_in_sample_platt,"StratifiedGroupKFold n_splits=5; speaker class counts={0: 107, 1: 84}",0.5,0.0,0.5,0.5,False,True,False,0.4523809523809524,0.616822429906542,0.4810126582278481,0.4662576687116564,0.4908767245215844,0.5445026178010471,0.5346016911437472,66,41,46,38,"66,41,46,38"
trusted_cleaned,facebook/wav2vec2-base,logistic_regression_platt,46,max_score,constrained_spec_ge_0.50,5,191,0,1536,1.0;1.0;1.0;1.0;1.0,training_only_in_sample_platt,"StratifiedGroupKFold n_splits=5; speaker class counts={0: 107, 1: 84}",0.974,0.005477225575051666,0.97,0.98,False,True,False,0.25,0.8130841121495327,0.5121951219512195,0.336,0.4908767245215844,0.5654450261780105,0.5315420560747663,87,20,63,21,"87,20,63,21"
trusted_cleaned,facebook/wav2vec2-base,logistic_regression_platt,46,majority_vote,default_0.5,5,191,0,1536,1.0;1.0;1.0;1.0;1.0,training_only_in_sample_platt,"StratifiedGroupKFold n_splits=5; speaker class counts={0: 107, 1: 84}",0.5,0.0,0.5,0.5,False,True,False,0.4523809523809524,0.822429906542056,0.6666666666666666,0.5390070921985816,0.6098130841121496,0.6596858638743456,0.6374054294615042,88,19,46,38,"88,19,46,38"
trusted_cleaned,facebook/wav2vec2-base,logistic_regression_platt,46,majority_vote,constrained_spec_ge_0.50,5,191,0,1536,1.0;1.0;1.0;1.0;1.0,training_only_in_sample_platt,"StratifiedGroupKFold n_splits=5; speaker class counts={0: 107, 1: 84}",0.974,0.005477225575051666,0.97,0.98,False,True,False,0.25,0.9065420560747663,0.6774193548387096,0.3652173913043478,0.5505674232309745,0.6178010471204188,0.5782710280373832,97,10,63,21,"97,10,63,21"
trusted_cleaned,facebook/wav2vec2-base,linear_svm_platt,42,mean_score,default_0.5,5,191,0,1536,1.0;1.0;1.0;1.0;1.0,training_only_in_sample_platt,"StratifiedGroupKFold n_splits=5; speaker class counts={0: 107, 1: 84}",0.5,0.0,0.5,0.5,False,True,False,0.4166666666666667,0.8691588785046729,0.7142857142857143,0.5263157894736842,0.5809968847352025,0.6701570680628273,0.6429127725856698,93,14,49,35,"93,14,49,35"
trusted_cleaned,facebook/wav2vec2-base,linear_svm_platt,42,mean_score,constrained_spec_ge_0.50,5,191,0,1536,1.0;1.0;1.0;1.0;1.0,training_only_in_sample_platt,"StratifiedGroupKFold n_splits=5; speaker class counts={0: 107, 1: 84}",0.96,0.0,0.96,0.96,False,True,False,0.13095238095238096,1.0,1.0,0.23157894736842105,0.5809968847352025,0.6178010471204188,0.5654761904761905,107,0,73,11,"107,0,73,11"
trusted_cleaned,facebook/wav2vec2-base,linear_svm_platt,42,max_score,default_0.5,5,191,0,1536,1.0;1.0;1.0;1.0;1.0,training_only_in_sample_platt,"StratifiedGroupKFold n_splits=5; speaker class counts={0: 107, 1: 84}",0.5,0.0,0.5,0.5,False,True,False,0.44047619047619047,0.5887850467289719,0.4567901234567901,0.4484848484848485,0.47930574098798395,0.5235602094240838,0.5146306186025812,63,44,47,37,"63,44,47,37"
trusted_cleaned,facebook/wav2vec2-base,linear_svm_platt,42,max_score,constrained_spec_ge_0.50,5,191,0,1536,1.0;1.0;1.0;1.0;1.0,training_only_in_sample_platt,"StratifiedGroupKFold n_splits=5; speaker class counts={0: 107, 1: 84}",0.96,0.0,0.96,0.96,False,True,False,0.20238095238095238,0.8504672897196262,0.5151515151515151,0.2905982905982906,0.47930574098798395,0.5654450261780105,0.5264241210502892,91,16,67,17,"91,16,67,17"
trusted_cleaned,facebook/wav2vec2-base,linear_svm_platt,42,majority_vote,default_0.5,5,191,0,1536,1.0;1.0;1.0;1.0;1.0,training_only_in_sample_platt,"StratifiedGroupKFold n_splits=5; speaker class counts={0: 107, 1: 84}",0.5,0.0,0.5,0.5,False,True,False,0.44047619047619047,0.8037383177570093,0.6379310344827587,0.5211267605633803,0.5803849577214063,0.643979057591623,0.6221072541166,86,21,47,37,"86,21,47,37"
trusted_cleaned,facebook/wav2vec2-base,linear_svm_platt,42,majority_vote,constrained_spec_ge_0.50,5,191,0,1536,1.0;1.0;1.0;1.0;1.0,training_only_in_sample_platt,"StratifiedGroupKFold n_splits=5; speaker class counts={0: 107, 1: 84}",0.96,0.0,0.96,0.96,False,True,False,0.20238095238095238,0.9532710280373832,0.7727272727272727,0.32075471698113206,0.5395527369826435,0.6230366492146597,0.5778259902091678,102,5,67,17,"102,5,67,17"
trusted_cleaned,facebook/wav2vec2-base,linear_svm_platt,43,mean_score,default_0.5,5,191,0,1536,1.0;1.0;1.0;1.0;1.0,training_only_in_sample_platt,"StratifiedGroupKFold n_splits=5; speaker class counts={0: 107, 1: 84}",0.5,0.0,0.5,0.5,False,True,False,0.40476190476190477,0.8878504672897196,0.7391304347826086,0.5230769230769231,0.5751001335113486,0.675392670157068,0.6463061860258121,95,12,50,34,"95,12,50,34"
trusted_cleaned,facebook/wav2vec2-base,linear_svm_platt,43,mean_score,constrained_spec_ge_0.50,5,191,0,1536,1.0;1.0;1.0;1.0;1.0,training_only_in_sample_platt,"StratifiedGroupKFold n_splits=5; speaker class counts={0: 107, 1: 84}",0.958,0.004472135954999583,0.95,0.96,False,True,False,0.11904761904761904,0.9906542056074766,0.9090909090909091,0.21052631578947367,0.5751001335113486,0.6073298429319371,0.5548509123275478,106,1,74,10,"106,1,74,10"
trusted_cleaned,facebook/wav2vec2-base,linear_svm_platt,43,max_score,default_0.5,5,191,0,1536,1.0;1.0;1.0;1.0;1.0,training_only_in_sample_platt,"StratifiedGroupKFold n_splits=5; speaker class counts={0: 107, 1: 84}",0.5,0.0,0.5,0.5,False,True,False,0.4166666666666667,0.5981308411214953,0.44871794871794873,0.43209876543209874,0.48086337338673785,0.518324607329843,0.507398753894081,64,43,49,35,"64,43,49,35"
trusted_cleaned,facebook/wav2vec2-base,linear_svm_platt,43,max_score,constrained_spec_ge_0.50,5,191,0,1536,1.0;1.0;1.0;1.0;1.0,training_only_in_sample_platt,"StratifiedGroupKFold n_splits=5; speaker class counts={0: 107, 1: 84}",0.958,0.004472135954999583,0.95,0.96,False,True,False,0.16666666666666666,0.897196261682243,0.56,0.25688073394495414,0.48086337338673785,0.5759162303664922,0.5319314641744548,96,11,70,14,"96,11,70,14"
trusted_cleaned,facebook/wav2vec2-base,linear_svm_platt,43,majority_vote,default_0.5,5,191,0,1536,1.0;1.0;1.0;1.0;1.0,training_only_in_sample_platt,"StratifiedGroupKFold n_splits=5; speaker class counts={0: 107, 1: 84}",0.5,0.0,0.5,0.5,False,True,False,0.4166666666666667,0.7850467289719626,0.603448275862069,0.49295774647887325,0.5729862038273253,0.6230366492146597,0.6008566978193146,84,23,49,35,"84,23,49,35"
trusted_cleaned,facebook/wav2vec2-base,linear_svm_platt,43,majority_vote,constrained_spec_ge_0.50,5,191,0,1536,1.0;1.0;1.0;1.0;1.0,training_only_in_sample_platt,"StratifiedGroupKFold n_splits=5; speaker class counts={0: 107, 1: 84}",0.958,0.004472135954999583,0.95,0.96,False,True,False,0.16666666666666666,0.9626168224299065,0.7777777777777778,0.27450980392156865,0.5383845126835781,0.612565445026178,0.5646417445482866,103,4,70,14,"103,4,70,14"
trusted_cleaned,facebook/wav2vec2-base,linear_svm_platt,44,mean_score,default_0.5,5,191,0,1536,1.0;1.0;1.0;1.0;1.0,training_only_in_sample_platt,"StratifiedGroupKFold n_splits=5; speaker class counts={0: 107, 1: 84}",0.5,0.0,0.5,0.5,False,True,False,0.35714285714285715,0.897196261682243,0.7317073170731707,0.48,0.6061415220293724,0.6596858638743456,0.62716955941255,96,11,54,30,"96,11,54,30"
trusted_cleaned,facebook/wav2vec2-base,linear_svm_platt,44,mean_score,constrained_spec_ge_0.50,5,191,0,1536,1.0;1.0;1.0;1.0;1.0,training_only_in_sample_platt,"StratifiedGroupKFold n_splits=5; speaker class counts={0: 107, 1: 84}",0.96,0.0,0.96,0.96,False,True,False,0.11904761904761904,0.9906542056074766,0.9090909090909091,0.21052631578947367,0.6061415220293724,0.6073298429319371,0.5548509123275478,106,1,74,10,"106,1,74,10"
trusted_cleaned,facebook/wav2vec2-base,linear_svm_platt,44,max_score,default_0.5,5,191,0,1536,1.0;1.0;1.0;1.0;1.0,training_only_in_sample_platt,"StratifiedGroupKFold n_splits=5; speaker class counts={0: 107, 1: 84}",0.5,0.0,0.5,0.5,False,True,False,0.39285714285714285,0.6822429906542056,0.4925373134328358,0.4370860927152318,0.5076769025367156,0.5549738219895288,0.5375500667556742,73,34,51,33,"73,34,51,33"
trusted_cleaned,facebook/wav2vec2-base,linear_svm_platt,44,max_score,constrained_spec_ge_0.50,5,191,0,1536,1.0;1.0;1.0;1.0;1.0,training_only_in_sample_platt,"StratifiedGroupKFold n_splits=5; speaker class counts={0: 107, 1: 84}",0.96,0.0,0.96,0.96,False,True,False,0.13095238095238096,0.8598130841121495,0.4230769230769231,0.2,0.5076769025367156,0.5392670157068062,0.4953827325322652,92,15,73,11,"92,15,73,11"
trusted_cleaned,facebook/wav2vec2-base,linear_svm_platt,44,majority_vote,default_0.5,5,191,0,1536,1.0;1.0;1.0;1.0;1.0,training_only_in_sample_platt,"StratifiedGroupKFold n_splits=5; speaker class counts={0: 107, 1: 84}",0.5,0.0,0.5,0.5,False,True,False,0.39285714285714285,0.822429906542056,0.6346153846153846,0.4852941176470588,0.5836114819759679,0.6335078534031413,0.6076435246995995,88,19,51,33,"88,19,51,33"
trusted_cleaned,facebook/wav2vec2-base,linear_svm_platt,44,majority_vote,constrained_spec_ge_0.50,5,191,0,1536,1.0;1.0;1.0;1.0;1.0,training_only_in_sample_platt,"StratifiedGroupKFold n_splits=5; speaker class counts={0: 107, 1: 84}",0.96,0.0,0.96,0.96,False,True,False,0.13095238095238096,0.9719626168224299,0.7857142857142857,0.22448979591836735,0.5042834890965732,0.6020942408376964,0.5514574988874055,104,3,73,11,"104,3,73,11"
trusted_cleaned,facebook/wav2vec2-base,linear_svm_platt,45,mean_score,default_0.5,5,191,0,1536,1.0;1.0;1.0;1.0;1.0,training_only_in_sample_platt,"StratifiedGroupKFold n_splits=5; speaker class counts={0: 107, 1: 84}",0.5,0.0,0.5,0.5,False,True,False,0.36904761904761907,0.8785046728971962,0.7045454545454546,0.484375,0.5893413440142412,0.6544502617801047,0.6237761459724076,94,13,53,31,"94,13,53,31"
trusted_cleaned,facebook/wav2vec2-base,linear_svm_platt,45,mean_score,constrained_spec_ge_0.50,5,191,0,1536,1.0;1.0;1.0;1.0;1.0,training_only_in_sample_platt,"StratifiedGroupKFold n_splits=5; speaker class counts={0: 107, 1: 84}",0.96,0.0,0.96,0.96,False,True,False,0.15476190476190477,1.0,1.0,0.26804123711340205,0.5893413440142412,0.6282722513089005,0.5773809523809523,107,0,71,13,"107,0,71,13"
trusted_cleaned,facebook/wav2vec2-base,linear_svm_platt,45,max_score,default_0.5,5,191,0,1536,1.0;1.0;1.0;1.0;1.0,training_only_in_sample_platt,"StratifiedGroupKFold n_splits=5; speaker class counts={0: 107, 1: 84}",0.5,0.0,0.5,0.5,False,True,False,0.39285714285714285,0.6261682242990654,0.4520547945205479,0.42038216560509556,0.48464619492656874,0.5235602094240838,0.5095126835781041,67,40,51,33,"67,40,51,33"
trusted_cleaned,facebook/wav2vec2-base,linear_svm_platt,45,max_score,constrained_spec_ge_0.50,5,191,0,1536,1.0;1.0;1.0;1.0;1.0,training_only_in_sample_platt,"StratifiedGroupKFold n_splits=5; speaker class counts={0: 107, 1: 84}",0.96,0.0,0.96,0.96,False,True,False,0.16666666666666666,0.8598130841121495,0.4827586206896552,0.24778761061946902,0.48464619492656874,0.5549738219895288,0.5132398753894081,92,15,70,14,"92,15,70,14"
trusted_cleaned,facebook/wav2vec2-base,linear_svm_platt,45,majority_vote,default_0.5,5,191,0,1536,1.0;1.0;1.0;1.0;1.0,training_only_in_sample_platt,"StratifiedGroupKFold n_splits=5; speaker class counts={0: 107, 1: 84}",0.5,0.0,0.5,0.5,False,True,False,0.39285714285714285,0.822429906542056,0.6346153846153846,0.4852941176470588,0.573097463284379,0.6335078534031413,0.6076435246995995,88,19,51,33,"88,19,51,33"
trusted_cleaned,facebook/wav2vec2-base,linear_svm_platt,45,majority_vote,constrained_spec_ge_0.50,5,191,0,1536,1.0;1.0;1.0;1.0;1.0,training_only_in_sample_platt,"StratifiedGroupKFold n_splits=5; speaker class counts={0: 107, 1: 84}",0.96,0.0,0.96,0.96,False,True,False,0.16666666666666666,0.9532710280373832,0.7368421052631579,0.27184466019417475,0.5245327102803738,0.6073298429319371,0.5599688473520249,102,5,70,14,"102,5,70,14"
trusted_cleaned,facebook/wav2vec2-base,linear_svm_platt,46,mean_score,default_0.5,5,191,0,1536,1.0;1.0;1.0;1.0;1.0,training_only_in_sample_platt,"StratifiedGroupKFold n_splits=5; speaker class counts={0: 107, 1: 84}",0.5,0.0,0.5,0.5,False,True,False,0.35714285714285715,0.897196261682243,0.7317073170731707,0.48,0.580551846906987,0.6596858638743456,0.62716955941255,96,11,54,30,"96,11,54,30"
trusted_cleaned,facebook/wav2vec2-base,linear_svm_platt,46,mean_score,constrained_spec_ge_0.50,5,191,0,1536,1.0;1.0;1.0;1.0;1.0,training_only_in_sample_platt,"StratifiedGroupKFold n_splits=5; speaker class counts={0: 107, 1: 84}",0.96,0.0,0.96,0.96,False,True,False,0.11904761904761904,0.9906542056074766,0.9090909090909091,0.21052631578947367,0.580551846906987,0.6073298429319371,0.5548509123275478,106,1,74,10,"106,1,74,10"
trusted_cleaned,facebook/wav2vec2-base,linear_svm_platt,46,max_score,default_0.5,5,191,0,1536,1.0;1.0;1.0;1.0;1.0,training_only_in_sample_platt,"StratifiedGroupKFold n_splits=5; speaker class counts={0: 107, 1: 84}",0.5,0.0,0.5,0.5,False,True,False,0.36904761904761907,0.6635514018691588,0.4626865671641791,0.4105960264900662,0.4823097463284379,0.5340314136125655,0.516299510458389,71,36,53,31,"71,36,53,31"
trusted_cleaned,facebook/wav2vec2-base,linear_svm_platt,46,max_score,constrained_spec_ge_0.50,5,191,0,1536,1.0;1.0;1.0;1.0;1.0,training_only_in_sample_platt,"StratifiedGroupKFold n_splits=5; speaker class counts={0: 107, 1: 84}",0.96,0.0,0.96,0.96,False,True,False,0.16666666666666666,0.8785046728971962,0.5185185185185185,0.25225225225225223,0.4823097463284379,0.5654450261780105,0.5225856697819314,94,13,70,14,"94,13,70,14"
trusted_cleaned,facebook/wav2vec2-base,linear_svm_platt,46,majority_vote,default_0.5,5,191,0,1536,1.0;1.0;1.0;1.0;1.0,training_only_in_sample_platt,"StratifiedGroupKFold n_splits=5; speaker class counts={0: 107, 1: 84}",0.5,0.0,0.5,0.5,False,True,False,0.36904761904761907,0.8317757009345794,0.6326530612244898,0.46616541353383456,0.5678126390743212,0.6282722513089005,0.6004116599910992,89,18,53,31,"89,18,53,31"
trusted_cleaned,facebook/wav2vec2-base,linear_svm_platt,46,majority_vote,constrained_spec_ge_0.50,5,191,0,1536,1.0;1.0;1.0;1.0;1.0,training_only_in_sample_platt,"StratifiedGroupKFold n_splits=5; speaker class counts={0: 107, 1: 84}",0.96,0.0,0.96,0.96,False,True,False,0.16666666666666666,0.9719626168224299,0.8235294117647058,0.27722772277227725,0.5310413885180241,0.6178010471204188,0.5693146417445483,104,3,70,14,"104,3,70,14"
