seed,feature_mode,backbone,classifier,aggregation,threshold_policy,selected_threshold,speaker_recall,speaker_specificity,speaker_precision,speaker_f1,speaker_auc,clip_recall,clip_specificity,clip_precision,clip_f1,clip_auc,pass_target_zone,n_folds,n_speakers,selected_threshold_std,calibration_statuses
42,hubert_only,facebook/hubert-base-ls960,linear_svm_platt,majority_vote,constrained_spec_ge_0.50,0.96,0.21428571428571427,0.9532710280373832,0.782608695652174,0.3364485981308411,0.5680907877169559,0.20212765957446807,0.9566929133858267,0.6333333333333333,0.3064516129032258,0.6820656726419836,no,5,191,0.0,training_only_in_sample_platt
42,hubert_only,facebook/hubert-base-ls960,linear_svm_platt,majority_vote,default_0.5,0.5,0.4523809523809524,0.7850467289719626,0.6229508196721312,0.5241379310344828,0.5961281708945261,0.425531914893617,0.8070866141732284,0.449438202247191,0.4371584699453552,0.6820656726419836,no,5,191,0.0,training_only_in_sample_platt
42,hubert_only,facebook/hubert-base-ls960,linear_svm_platt,mean_score,constrained_spec_ge_0.50,0.96,0.16666666666666666,0.9906542056074766,0.9333333333333333,0.2828282828282828,0.641299510458389,0.20212765957446807,0.9566929133858267,0.6333333333333333,0.3064516129032258,0.6820656726419836,no,5,191,0.0,training_only_in_sample_platt
42,hubert_only,facebook/hubert-base-ls960,linear_svm_platt,mean_score,default_0.5,0.5,0.40476190476190477,0.8785046728971962,0.723404255319149,0.5190839694656488,0.641299510458389,0.425531914893617,0.8070866141732284,0.449438202247191,0.4371584699453552,0.6820656726419836,no,5,191,0.0,training_only_in_sample_platt
42,hubert_only,facebook/hubert-base-ls960,logistic_regression_platt,majority_vote,constrained_spec_ge_0.50,0.9800000000000001,0.30952380952380953,0.9345794392523364,0.7878787878787878,0.4444444444444444,0.5999109924343569,0.2978723404255319,0.9330708661417323,0.6222222222222222,0.4028776978417266,0.7006617523873346,no,5,191,1.2412670766236366e-16,training_only_in_sample_platt
42,hubert_only,facebook/hubert-base-ls960,logistic_regression_platt,majority_vote,default_0.5,0.5,0.5,0.7570093457943925,0.6176470588235294,0.5526315789473685,0.625,0.4787234042553192,0.7952755905511811,0.4639175257731959,0.4712041884816754,0.7006617523873346,no,5,191,0.0,training_only_in_sample_platt
42,hubert_only,facebook/hubert-base-ls960,logistic_regression_platt,mean_score,constrained_spec_ge_0.50,0.9800000000000001,0.2619047619047619,0.9906542056074766,0.9565217391304348,0.411214953271028,0.6517578994214509,0.2978723404255319,0.9330708661417323,0.6222222222222222,0.4028776978417266,0.7006617523873346,no,5,191,1.2412670766236366e-16,training_only_in_sample_platt
42,hubert_only,facebook/hubert-base-ls960,logistic_regression_platt,mean_score,default_0.5,0.5,0.47619047619047616,0.8878504672897196,0.7692307692307693,0.5882352941176471,0.6517578994214509,0.4787234042553192,0.7952755905511811,0.4639175257731959,0.4712041884816754,0.7006617523873346,no,5,191,0.0,training_only_in_sample_platt
42,hubert_plus_handcrafted,facebook/hubert-base-ls960,linear_svm_platt,majority_vote,constrained_spec_ge_0.50,0.9540000000000001,0.14285714285714285,0.9532710280373832,0.7058823529411765,0.2376237623762376,0.5223631508678237,0.13829787234042554,0.9488188976377953,0.5,0.21666666666666667,0.6970179259507454,no,5,191,0.0054772255750516665,training_only_in_sample_platt
42,hubert_plus_handcrafted,facebook/hubert-base-ls960,linear_svm_platt,majority_vote,default_0.5,0.5,0.47619047619047616,0.7757009345794392,0.625,0.5405405405405406,0.6275033377837117,0.44680851063829785,0.8267716535433071,0.4883720930232558,0.4666666666666667,0.6970179259507454,no,5,191,0.0,training_only_in_sample_platt
42,hubert_plus_handcrafted,facebook/hubert-base-ls960,linear_svm_platt,mean_score,constrained_spec_ge_0.50,0.9540000000000001,0.10714285714285714,1.0,1.0,0.1935483870967742,0.650089007565643,0.13829787234042554,0.9488188976377953,0.5,0.21666666666666667,0.6970179259507454,no,5,191,0.0054772255750516665,training_only_in_sample_platt
42,hubert_plus_handcrafted,facebook/hubert-base-ls960,linear_svm_platt,mean_score,default_0.5,0.5,0.44047619047619047,0.8691588785046729,0.7254901960784313,0.5481481481481482,0.650089007565643,0.44680851063829785,0.8267716535433071,0.4883720930232558,0.4666666666666667,0.6970179259507454,no,5,191,0.0,training_only_in_sample_platt
42,hubert_plus_handcrafted,facebook/hubert-base-ls960,logistic_regression_platt,majority_vote,constrained_spec_ge_0.50,0.982,0.27380952380952384,0.9439252336448598,0.7931034482758621,0.40707964601769914,0.582777036048064,0.26595744680851063,0.937007874015748,0.6097560975609756,0.37037037037037035,0.711383816384654,no,5,191,0.004472135954999583,training_only_in_sample_platt
42,hubert_plus_handcrafted,facebook/hubert-base-ls960,logistic_regression_platt,majority_vote,default_0.5,0.5,0.5,0.7663551401869159,0.6268656716417911,0.5562913907284768,0.6298397863818423,0.48936170212765956,0.8031496062992126,0.4791666666666667,0.4842105263157895,0.711383816384654,no,5,191,0.0,training_only_in_sample_platt
42,hubert_plus_handcrafted,facebook/hubert-base-ls960,logistic_regression_platt,mean_score,constrained_spec_ge_0.50,0.982,0.21428571428571427,0.9906542056074766,0.9473684210526315,0.34951456310679613,0.6498664886515354,0.26595744680851063,0.937007874015748,0.6097560975609756,0.37037037037037035,0.711383816384654,no,5,191,0.004472135954999583,training_only_in_sample_platt
42,hubert_plus_handcrafted,facebook/hubert-base-ls960,logistic_regression_platt,mean_score,default_0.5,0.5,0.47619047619047616,0.8598130841121495,0.7272727272727273,0.5755395683453237,0.6498664886515354,0.48936170212765956,0.8031496062992126,0.4791666666666667,0.4842105263157895,0.711383816384654,no,5,191,0.0,training_only_in_sample_platt
43,hubert_only,facebook/hubert-base-ls960,linear_svm_platt,majority_vote,constrained_spec_ge_0.50,0.958,0.17857142857142858,0.9813084112149533,0.8823529411764706,0.297029702970297,0.5659212283044059,0.20212765957446807,0.9724409448818898,0.7307692307692307,0.31666666666666665,0.6958870832635282,no,5,191,0.004472135954999583,training_only_in_sample_platt
43,hubert_only,facebook/hubert-base-ls960,linear_svm_platt,majority_vote,default_0.5,0.5,0.4523809523809524,0.7850467289719626,0.6229508196721312,0.5241379310344828,0.6012461059190031,0.44680851063829785,0.8031496062992126,0.45652173913043476,0.45161290322580644,0.6958870832635282,no,5,191,0.0,training_only_in_sample_platt
43,hubert_only,facebook/hubert-base-ls960,linear_svm_platt,mean_score,constrained_spec_ge_0.50,0.958,0.15476190476190477,1.0,1.0,0.26804123711340205,0.6653315531820204,0.20212765957446807,0.9724409448818898,0.7307692307692307,0.31666666666666665,0.6958870832635282,no,5,191,0.004472135954999583,training_only_in_sample_platt
43,hubert_only,facebook/hubert-base-ls960,linear_svm_platt,mean_score,default_0.5,0.5,0.40476190476190477,0.8785046728971962,0.723404255319149,0.5190839694656488,0.6653315531820204,0.44680851063829785,0.8031496062992126,0.45652173913043476,0.45161290322580644,0.6958870832635282,no,5,191,0.0,training_only_in_sample_platt
43,hubert_only,facebook/hubert-base-ls960,logistic_regression_platt,majority_vote,constrained_spec_ge_0.50,0.9800000000000001,0.25,0.9439252336448598,0.7777777777777778,0.3783783783783784,0.5619158878504673,0.26595744680851063,0.9291338582677166,0.5813953488372093,0.36496350364963503,0.7122633606969342,no,5,191,1.2412670766236366e-16,training_only_in_sample_platt
43,hubert_only,facebook/hubert-base-ls960,logistic_regression_platt,majority_vote,default_0.5,0.5,0.5238095238095238,0.7757009345794392,0.6470588235294118,0.5789473684210527,0.6510903426791277,0.5212765957446809,0.7913385826771654,0.4803921568627451,0.5,0.7122633606969342,no,5,191,0.0,training_only_in_sample_platt
43,hubert_only,facebook/hubert-base-ls960,logistic_regression_platt,mean_score,constrained_spec_ge_0.50,0.9800000000000001,0.21428571428571427,0.9813084112149533,0.9,0.34615384615384615,0.6741210502892746,0.26595744680851063,0.9291338582677166,0.5813953488372093,0.36496350364963503,0.7122633606969342,no,5,191,1.2412670766236366e-16,training_only_in_sample_platt
43,hubert_only,facebook/hubert-base-ls960,logistic_regression_platt,mean_score,default_0.5,0.5,0.5119047619047619,0.8878504672897196,0.7818181818181819,0.6187050359712231,0.6741210502892746,0.5212765957446809,0.7913385826771654,0.4803921568627451,0.5,0.7122633606969342,no,5,191,0.0,training_only_in_sample_platt
43,hubert_plus_handcrafted,facebook/hubert-base-ls960,linear_svm_platt,majority_vote,constrained_spec_ge_0.50,0.958,0.15476190476190477,0.9813084112149533,0.8666666666666667,0.26262626262626265,0.5532376502002669,0.1702127659574468,0.968503937007874,0.6666666666666666,0.2711864406779661,0.6964315630758922,no,5,191,0.004472135954999583,training_only_in_sample_platt
43,hubert_plus_handcrafted,facebook/hubert-base-ls960,linear_svm_platt,majority_vote,default_0.5,0.5,0.4523809523809524,0.8411214953271028,0.6909090909090909,0.5467625899280576,0.6172674677347575,0.44680851063829785,0.8267716535433071,0.4883720930232558,0.4666666666666667,0.6964315630758922,no,5,191,0.0,training_only_in_sample_platt
43,hubert_plus_handcrafted,facebook/hubert-base-ls960,linear_svm_platt,mean_score,constrained_spec_ge_0.50,0.958,0.13095238095238096,1.0,1.0,0.23157894736842105,0.6661103693813974,0.1702127659574468,0.968503937007874,0.6666666666666666,0.2711864406779661,0.6964315630758922,no,5,191,0.004472135954999583,training_only_in_sample_platt
43,hubert_plus_handcrafted,facebook/hubert-base-ls960,linear_svm_platt,mean_score,default_0.5,0.5,0.4166666666666667,0.9158878504672897,0.7954545454545454,0.546875,0.6661103693813974,0.44680851063829785,0.8267716535433071,0.4883720930232558,0.4666666666666667,0.6964315630758922,no,5,191,0.0,training_only_in_sample_platt
43,hubert_plus_handcrafted,facebook/hubert-base-ls960,logistic_regression_platt,majority_vote,constrained_spec_ge_0.50,0.984,0.2619047619047619,0.9532710280373832,0.8148148148148148,0.3963963963963964,0.581330663106364,0.2765957446808511,0.9330708661417323,0.6046511627906976,0.3795620437956204,0.7056877198860781,no,5,191,0.005477225575051666,training_only_in_sample_platt
43,hubert_plus_handcrafted,facebook/hubert-base-ls960,logistic_regression_platt,majority_vote,default_0.5,0.5,0.5,0.8130841121495327,0.6774193548387096,0.5753424657534246,0.6317311971517579,0.5,0.7992125984251969,0.47959183673469385,0.4895833333333333,0.7056877198860781,no,5,191,0.0,training_only_in_sample_platt
43,hubert_plus_handcrafted,facebook/hubert-base-ls960,logistic_regression_platt,mean_score,constrained_spec_ge_0.50,0.984,0.2261904761904762,1.0,1.0,0.36893203883495146,0.658989764129951,0.2765957446808511,0.9330708661417323,0.6046511627906976,0.3795620437956204,0.7056877198860781,no,5,191,0.005477225575051666,training_only_in_sample_platt
43,hubert_plus_handcrafted,facebook/hubert-base-ls960,logistic_regression_platt,mean_score,default_0.5,0.5,0.47619047619047616,0.8878504672897196,0.7692307692307693,0.5882352941176471,0.658989764129951,0.5,0.7992125984251969,0.47959183673469385,0.4895833333333333,0.7056877198860781,no,5,191,0.0,training_only_in_sample_platt
44,hubert_only,facebook/hubert-base-ls960,linear_svm_platt,majority_vote,constrained_spec_ge_0.50,0.96,0.15476190476190477,0.9719626168224299,0.8125,0.26,0.5364931019136626,0.14893617021276595,0.9606299212598425,0.5833333333333334,0.23728813559322035,0.6847461886413134,no,5,191,0.0,training_only_in_sample_platt
44,hubert_only,facebook/hubert-base-ls960,linear_svm_platt,majority_vote,default_0.5,0.5,0.4166666666666667,0.822429906542056,0.6481481481481481,0.5072463768115942,0.5799399198931909,0.40425531914893614,0.8110236220472441,0.4418604651162791,0.4222222222222222,0.6847461886413134,no,5,191,0.0,training_only_in_sample_platt
44,hubert_only,facebook/hubert-base-ls960,linear_svm_platt,mean_score,constrained_spec_ge_0.50,0.96,0.10714285714285714,0.9906542056074766,0.9,0.19148936170212766,0.6385180240320426,0.14893617021276595,0.9606299212598425,0.5833333333333334,0.23728813559322035,0.6847461886413134,no,5,191,0.0,training_only_in_sample_platt
44,hubert_only,facebook/hubert-base-ls960,linear_svm_platt,mean_score,default_0.5,0.5,0.39285714285714285,0.8878504672897196,0.7333333333333333,0.5116279069767442,0.6385180240320426,0.40425531914893614,0.8110236220472441,0.4418604651162791,0.4222222222222222,0.6847461886413134,no,5,191,0.0,training_only_in_sample_platt
44,hubert_only,facebook/hubert-base-ls960,logistic_regression_platt,majority_vote,constrained_spec_ge_0.50,0.982,0.2619047619047619,0.9345794392523364,0.7586206896551724,0.3893805309734513,0.5759902091677792,0.26595744680851063,0.9330708661417323,0.5952380952380952,0.36764705882352944,0.6992796113251801,no,5,191,0.004472135954999583,training_only_in_sample_platt
44,hubert_only,facebook/hubert-base-ls960,logistic_regression_platt,majority_vote,default_0.5,0.5,0.4642857142857143,0.7383177570093458,0.582089552238806,0.5165562913907285,0.5939029817534491,0.4787234042553192,0.7559055118110236,0.4205607476635514,0.44776119402985076,0.6992796113251801,no,5,191,0.0,training_only_in_sample_platt
44,hubert_only,facebook/hubert-base-ls960,logistic_regression_platt,mean_score,constrained_spec_ge_0.50,0.982,0.21428571428571427,0.9906542056074766,0.9473684210526315,0.34951456310679613,0.6410769915442812,0.26595744680851063,0.9330708661417323,0.5952380952380952,0.36764705882352944,0.6992796113251801,no,5,191,0.004472135954999583,training_only_in_sample_platt
44,hubert_only,facebook/hubert-base-ls960,logistic_regression_platt,mean_score,default_0.5,0.5,0.44047619047619047,0.8504672897196262,0.6981132075471698,0.5401459854014599,0.6410769915442812,0.4787234042553192,0.7559055118110236,0.4205607476635514,0.44776119402985076,0.6992796113251801,no,5,191,0.0,training_only_in_sample_platt
44,hubert_plus_handcrafted,facebook/hubert-base-ls960,linear_svm_platt,majority_vote,constrained_spec_ge_0.50,0.9560000000000001,0.16666666666666666,0.9719626168224299,0.8235294117647058,0.27722772277227725,0.5473965287049399,0.1702127659574468,0.9606299212598425,0.6153846153846154,0.26666666666666666,0.6888507287652874,no,5,191,0.005477225575051666,training_only_in_sample_platt
44,hubert_plus_handcrafted,facebook/hubert-base-ls960,linear_svm_platt,majority_vote,default_0.5,0.5,0.4642857142857143,0.794392523364486,0.639344262295082,0.5379310344827586,0.6238317757009346,0.4787234042553192,0.8149606299212598,0.4891304347826087,0.4838709677419355,0.6888507287652874,no,5,191,0.0,training_only_in_sample_platt
44,hubert_plus_handcrafted,facebook/hubert-base-ls960,linear_svm_platt,mean_score,constrained_spec_ge_0.50,0.9560000000000001,0.11904761904761904,1.0,1.0,0.2127659574468085,0.6474187805963506,0.1702127659574468,0.9606299212598425,0.6153846153846154,0.26666666666666666,0.6888507287652874,no,5,191,0.005477225575051666,training_only_in_sample_platt
44,hubert_plus_handcrafted,facebook/hubert-base-ls960,linear_svm_platt,mean_score,default_0.5,0.5,0.42857142857142855,0.8878504672897196,0.75,0.5454545454545454,0.6474187805963506,0.4787234042553192,0.8149606299212598,0.4891304347826087,0.4838709677419355,0.6888507287652874,no,5,191,0.0,training_only_in_sample_platt
44,hubert_plus_handcrafted,facebook/hubert-base-ls960,logistic_regression_platt,majority_vote,constrained_spec_ge_0.50,0.9800000000000001,0.2857142857142857,0.9345794392523364,0.7741935483870968,0.41739130434782606,0.5822763684913217,0.2978723404255319,0.9251968503937008,0.5957446808510638,0.3971631205673759,0.697227341263193,no,5,191,1.2412670766236366e-16,training_only_in_sample_platt
44,hubert_plus_handcrafted,facebook/hubert-base-ls960,logistic_regression_platt,majority_vote,default_0.5,0.5,0.4642857142857143,0.7383177570093458,0.582089552238806,0.5165562913907285,0.6034712950600802,0.4787234042553192,0.7755905511811023,0.4411764705882353,0.45918367346938777,0.697227341263193,no,5,191,0.0,training_only_in_sample_platt
44,hubert_plus_handcrafted,facebook/hubert-base-ls960,logistic_regression_platt,mean_score,constrained_spec_ge_0.50,0.9800000000000001,0.23809523809523808,0.9906542056074766,0.9523809523809523,0.38095238095238093,0.6484201157098354,0.2978723404255319,0.9251968503937008,0.5957446808510638,0.3971631205673759,0.697227341263193,no,5,191,1.2412670766236366e-16,training_only_in_sample_platt
44,hubert_plus_handcrafted,facebook/hubert-base-ls960,logistic_regression_platt,mean_score,default_0.5,0.5,0.44047619047619047,0.8598130841121495,0.7115384615384616,0.5441176470588235,0.6484201157098354,0.4787234042553192,0.7755905511811023,0.4411764705882353,0.45918367346938777,0.697227341263193,no,5,191,0.0,training_only_in_sample_platt
45,hubert_only,facebook/hubert-base-ls960,linear_svm_platt,majority_vote,constrained_spec_ge_0.50,0.96,0.19047619047619047,0.9906542056074766,0.9411764705882353,0.31683168316831684,0.5799399198931909,0.20212765957446807,0.984251968503937,0.8260869565217391,0.3247863247863248,0.6997403250125649,no,5,191,0.0,training_only_in_sample_platt
45,hubert_only,facebook/hubert-base-ls960,linear_svm_platt,majority_vote,default_0.5,0.5,0.4523809523809524,0.8504672897196262,0.7037037037037037,0.5507246376811594,0.623497997329773,0.46808510638297873,0.8346456692913385,0.5116279069767442,0.4888888888888889,0.6997403250125649,no,5,191,0.0,training_only_in_sample_platt
45,hubert_only,facebook/hubert-base-ls960,linear_svm_platt,mean_score,constrained_spec_ge_0.50,0.96,0.15476190476190477,1.0,1.0,0.26804123711340205,0.6575433911882511,0.20212765957446807,0.984251968503937,0.8260869565217391,0.3247863247863248,0.6997403250125649,no,5,191,0.0,training_only_in_sample_platt
45,hubert_only,facebook/hubert-base-ls960,linear_svm_platt,mean_score,default_0.5,0.5,0.40476190476190477,0.9345794392523364,0.8292682926829268,0.544,0.6575433911882511,0.46808510638297873,0.8346456692913385,0.5116279069767442,0.4888888888888889,0.6997403250125649,no,5,191,0.0,training_only_in_sample_platt
45,hubert_only,facebook/hubert-base-ls960,logistic_regression_platt,majority_vote,constrained_spec_ge_0.50,0.982,0.2857142857142857,0.9626168224299065,0.8571428571428571,0.42857142857142855,0.6070315976858032,0.2872340425531915,0.9566929133858267,0.7105263157894737,0.4090909090909091,0.7121377115094656,no,5,191,0.004472135954999583,training_only_in_sample_platt
45,hubert_only,facebook/hubert-base-ls960,logistic_regression_platt,majority_vote,default_0.5,0.5,0.5119047619047619,0.8037383177570093,0.671875,0.581081081081081,0.6360146862483311,0.5212765957446809,0.7913385826771654,0.4803921568627451,0.5,0.7121377115094656,no,5,191,0.0,training_only_in_sample_platt
45,hubert_only,facebook/hubert-base-ls960,logistic_regression_platt,mean_score,constrained_spec_ge_0.50,0.982,0.25,0.9906542056074766,0.9545454545454546,0.39622641509433965,0.6645527369826437,0.2872340425531915,0.9566929133858267,0.7105263157894737,0.4090909090909091,0.7121377115094656,no,5,191,0.004472135954999583,training_only_in_sample_platt
45,hubert_only,facebook/hubert-base-ls960,logistic_regression_platt,mean_score,default_0.5,0.5,0.47619047619047616,0.9158878504672897,0.8163265306122449,0.6015037593984962,0.6645527369826437,0.5212765957446809,0.7913385826771654,0.4803921568627451,0.5,0.7121377115094656,no,5,191,0.0,training_only_in_sample_platt
45,hubert_plus_handcrafted,facebook/hubert-base-ls960,linear_svm_platt,majority_vote,constrained_spec_ge_0.50,0.9540000000000001,0.15476190476190477,0.9626168224299065,0.7647058823529411,0.25742574257425743,0.5452269692923898,0.1702127659574468,0.9645669291338582,0.64,0.2689075630252101,0.7107555704473111,no,5,191,0.0054772255750516665,training_only_in_sample_platt
45,hubert_plus_handcrafted,facebook/hubert-base-ls960,linear_svm_platt,majority_vote,default_0.5,0.5,0.4880952380952381,0.822429906542056,0.6833333333333333,0.5694444444444444,0.6376279483756119,0.4787234042553192,0.8110236220472441,0.4838709677419355,0.48128342245989303,0.7107555704473111,no,5,191,0.0,training_only_in_sample_platt
45,hubert_plus_handcrafted,facebook/hubert-base-ls960,linear_svm_platt,mean_score,constrained_spec_ge_0.50,0.9540000000000001,0.13095238095238096,1.0,1.0,0.23157894736842105,0.6687805963506898,0.1702127659574468,0.9645669291338582,0.64,0.2689075630252101,0.7107555704473111,no,5,191,0.0054772255750516665,training_only_in_sample_platt
45,hubert_plus_handcrafted,facebook/hubert-base-ls960,linear_svm_platt,mean_score,default_0.5,0.5,0.4523809523809524,0.8878504672897196,0.76,0.5671641791044776,0.6687805963506898,0.4787234042553192,0.8110236220472441,0.4838709677419355,0.48128342245989303,0.7107555704473111,no,5,191,0.0,training_only_in_sample_platt
45,hubert_plus_handcrafted,facebook/hubert-base-ls960,logistic_regression_platt,majority_vote,constrained_spec_ge_0.50,0.982,0.2857142857142857,0.9345794392523364,0.7741935483870968,0.41739130434782606,0.5912327547841566,0.2872340425531915,0.9409448818897638,0.6428571428571429,0.39705882352941174,0.7196347796950913,no,5,191,0.004472135954999583,training_only_in_sample_platt
45,hubert_plus_handcrafted,facebook/hubert-base-ls960,logistic_regression_platt,majority_vote,default_0.5,0.5,0.5,0.7663551401869159,0.6268656716417911,0.5562913907284768,0.6346795727636849,0.5212765957446809,0.7795275590551181,0.4666666666666667,0.49246231155778897,0.7196347796950913,no,5,191,0.0,training_only_in_sample_platt
45,hubert_plus_handcrafted,facebook/hubert-base-ls960,logistic_regression_platt,mean_score,constrained_spec_ge_0.50,0.982,0.23809523809523808,0.9719626168224299,0.8695652173913043,0.37383177570093457,0.6624388072986204,0.2872340425531915,0.9409448818897638,0.6428571428571429,0.39705882352941174,0.7196347796950913,no,5,191,0.004472135954999583,training_only_in_sample_platt
45,hubert_plus_handcrafted,facebook/hubert-base-ls960,logistic_regression_platt,mean_score,default_0.5,0.5,0.5,0.8785046728971962,0.7636363636363637,0.60431654676259,0.6624388072986204,0.5212765957446809,0.7795275590551181,0.4666666666666667,0.49246231155778897,0.7196347796950913,no,5,191,0.0,training_only_in_sample_platt
46,hubert_only,facebook/hubert-base-ls960,linear_svm_platt,majority_vote,constrained_spec_ge_0.50,0.96,0.17857142857142858,0.9813084112149533,0.8823529411764706,0.297029702970297,0.5418335558522475,0.1702127659574468,0.952755905511811,0.5714285714285714,0.26229508196721313,0.6578991455855252,no,5,191,0.0,training_only_in_sample_platt
46,hubert_only,facebook/hubert-base-ls960,linear_svm_platt,majority_vote,default_0.5,0.5,0.4166666666666667,0.7663551401869159,0.5833333333333334,0.4861111111111111,0.5663662661326214,0.43617021276595747,0.7795275590551181,0.422680412371134,0.4293193717277487,0.6578991455855252,no,5,191,0.0,training_only_in_sample_platt
46,hubert_only,facebook/hubert-base-ls960,linear_svm_platt,mean_score,constrained_spec_ge_0.50,0.96,0.11904761904761904,0.9906542056074766,0.9090909090909091,0.21052631578947367,0.6040275923453493,0.1702127659574468,0.952755905511811,0.5714285714285714,0.26229508196721313,0.6578991455855252,no,5,191,0.0,training_only_in_sample_platt
46,hubert_only,facebook/hubert-base-ls960,linear_svm_platt,mean_score,default_0.5,0.5,0.39285714285714285,0.822429906542056,0.6346153846153846,0.4852941176470588,0.6040275923453493,0.43617021276595747,0.7795275590551181,0.422680412371134,0.4293193717277487,0.6578991455855252,no,5,191,0.0,training_only_in_sample_platt
46,hubert_only,facebook/hubert-base-ls960,logistic_regression_platt,majority_vote,constrained_spec_ge_0.50,0.9800000000000001,0.25,0.9439252336448598,0.7777777777777778,0.3783783783783784,0.5572429906542056,0.24468085106382978,0.9251968503937008,0.5476190476190477,0.3382352941176471,0.6712598425196851,no,5,191,1.2412670766236366e-16,training_only_in_sample_platt
46,hubert_only,facebook/hubert-base-ls960,logistic_regression_platt,majority_vote,default_0.5,0.5,0.47619047619047616,0.7102803738317757,0.5633802816901409,0.5161290322580645,0.5961838006230531,0.5,0.7519685039370079,0.42727272727272725,0.46078431372549017,0.6712598425196851,no,5,191,0.0,training_only_in_sample_platt
46,hubert_only,facebook/hubert-base-ls960,logistic_regression_platt,mean_score,constrained_spec_ge_0.50,0.9800000000000001,0.19047619047619047,0.9719626168224299,0.8421052631578947,0.3106796116504854,0.6135959056519804,0.24468085106382978,0.9251968503937008,0.5476190476190477,0.3382352941176471,0.6712598425196851,no,5,191,1.2412670766236366e-16,training_only_in_sample_platt
46,hubert_only,facebook/hubert-base-ls960,logistic_regression_platt,mean_score,default_0.5,0.5,0.47619047619047616,0.794392523364486,0.6451612903225806,0.547945205479452,0.6135959056519804,0.5,0.7519685039370079,0.42727272727272725,0.46078431372549017,0.6712598425196851,no,5,191,0.0,training_only_in_sample_platt
46,hubert_plus_handcrafted,facebook/hubert-base-ls960,linear_svm_platt,majority_vote,constrained_spec_ge_0.50,0.958,0.17857142857142858,0.9906542056074766,0.9375,0.3,0.5506230529595015,0.18085106382978725,0.9606299212598425,0.6296296296296297,0.2809917355371901,0.6393030658401743,no,5,191,0.004472135954999583,training_only_in_sample_platt
46,hubert_plus_handcrafted,facebook/hubert-base-ls960,linear_svm_platt,majority_vote,default_0.5,0.5,0.35714285714285715,0.7476635514018691,0.5263157894736842,0.425531914893617,0.5387182910547397,0.3723404255319149,0.7913385826771654,0.3977272727272727,0.38461538461538464,0.6393030658401743,no,5,191,0.0,training_only_in_sample_platt
46,hubert_plus_handcrafted,facebook/hubert-base-ls960,linear_svm_platt,mean_score,constrained_spec_ge_0.50,0.958,0.13095238095238096,1.0,1.0,0.23157894736842105,0.5797730307076102,0.18085106382978725,0.9606299212598425,0.6296296296296297,0.2809917355371901,0.6393030658401743,no,5,191,0.004472135954999583,training_only_in_sample_platt
46,hubert_plus_handcrafted,facebook/hubert-base-ls960,linear_svm_platt,mean_score,default_0.5,0.5,0.34523809523809523,0.794392523364486,0.5686274509803921,0.42962962962962964,0.5797730307076102,0.3723404255319149,0.7913385826771654,0.3977272727272727,0.38461538461538464,0.6393030658401743,no,5,191,0.0,training_only_in_sample_platt
46,hubert_plus_handcrafted,facebook/hubert-base-ls960,logistic_regression_platt,majority_vote,constrained_spec_ge_0.50,0.982,0.27380952380952384,0.8878504672897196,0.6571428571428571,0.3865546218487395,0.5574098798397864,0.2765957446808511,0.889763779527559,0.48148148148148145,0.35135135135135137,0.6515748031496063,no,5,191,0.004472135954999584,training_only_in_sample_platt
46,hubert_plus_handcrafted,facebook/hubert-base-ls960,logistic_regression_platt,majority_vote,default_0.5,0.5,0.4166666666666667,0.7570093457943925,0.5737704918032787,0.4827586206896552,0.5759345794392523,0.425531914893617,0.7795275590551181,0.4166666666666667,0.42105263157894735,0.6515748031496063,no,5,191,0.0,training_only_in_sample_platt
46,hubert_plus_handcrafted,facebook/hubert-base-ls960,logistic_regression_platt,mean_score,constrained_spec_ge_0.50,0.982,0.21428571428571427,0.9813084112149533,0.9,0.34615384615384615,0.5832220738762794,0.2765957446808511,0.889763779527559,0.48148148148148145,0.35135135135135137,0.6515748031496063,no,5,191,0.004472135954999584,training_only_in_sample_platt
46,hubert_plus_handcrafted,facebook/hubert-base-ls960,logistic_regression_platt,mean_score,default_0.5,0.5,0.40476190476190477,0.8130841121495327,0.6296296296296297,0.4927536231884058,0.5832220738762794,0.425531914893617,0.7795275590551181,0.4166666666666667,0.42105263157894735,0.6515748031496063,no,5,191,0.0,training_only_in_sample_platt
