seed,ensemble_method,component_models,component_model_ids,aggregation,component_aggregations,threshold_policy,selected_threshold,selected_threshold_std,speaker_recall,speaker_specificity,speaker_precision,speaker_f1,speaker_auc,pass_target_zone,n_folds,n_speakers,duplicate_validation_speaker_rows,selection_notes,true_negatives,false_positives,false_negatives,true_positives,confusion_matrix_tn_fp_fn_tp
42,mean_probability_ensemble,HuBERT logistic majority_vote default_0.5 + HuBERT+handcrafted logistic_regression_platt majority_vote default_0.5 + facebook/wav2vec2-base logistic mean_score default_0.5,hubert_only_logistic + hubert_plus_handcrafted_logistic_regression_platt + phaseC_second_embedding_logistic,speaker_level_component_scores,HuBERT logistic majority_vote default_0.5:majority_vote + HuBERT+handcrafted logistic_regression_platt majority_vote default_0.5:majority_vote + facebook/wav2vec2-base logistic mean_score default_0.5:mean_score,default_0.5,0.5,0.0,0.5119047619047619,0.8598130841121495,0.7413793103448276,0.6056338028169014,0.6632176234979974,no,5,191,0,fixed_default_probability_threshold,92,15,41,43,"92,15,41,43"
42,mean_probability_ensemble,HuBERT logistic majority_vote default_0.5 + HuBERT+handcrafted logistic_regression_platt majority_vote default_0.5 + facebook/wav2vec2-base logistic mean_score default_0.5,hubert_only_logistic + hubert_plus_handcrafted_logistic_regression_platt + phaseC_second_embedding_logistic,speaker_level_component_scores,HuBERT logistic majority_vote default_0.5:majority_vote + HuBERT+handcrafted logistic_regression_platt majority_vote default_0.5:majority_vote + facebook/wav2vec2-base logistic mean_score default_0.5:mean_score,constrained_spec_ge_0.50,0.9800000000000001,1.2412670766236366e-16,0.09523809523809523,1.0,1.0,0.17391304347826086,0.6478638184245662,no,5,191,0,max_recall_subject_to_specificity_ge_0.50,107,0,76,8,"107,0,76,8"
42,max_probability_ensemble,HuBERT logistic majority_vote default_0.5 + HuBERT+handcrafted logistic_regression_platt majority_vote default_0.5 + facebook/wav2vec2-base logistic mean_score default_0.5,hubert_only_logistic + hubert_plus_handcrafted_logistic_regression_platt + phaseC_second_embedding_logistic,speaker_level_component_scores,HuBERT logistic majority_vote default_0.5:majority_vote + HuBERT+handcrafted logistic_regression_platt majority_vote default_0.5:majority_vote + facebook/wav2vec2-base logistic mean_score default_0.5:mean_score,default_0.5,0.5,0.0,0.7023809523809523,0.6635514018691588,0.6210526315789474,0.659217877094972,0.7001001335113485,yes,5,191,0,fixed_default_probability_threshold,71,36,25,59,"71,36,25,59"
42,max_probability_ensemble,HuBERT logistic majority_vote default_0.5 + HuBERT+handcrafted logistic_regression_platt majority_vote default_0.5 + facebook/wav2vec2-base logistic mean_score default_0.5,hubert_only_logistic + hubert_plus_handcrafted_logistic_regression_platt + phaseC_second_embedding_logistic,speaker_level_component_scores,HuBERT logistic majority_vote default_0.5:majority_vote + HuBERT+handcrafted logistic_regression_platt majority_vote default_0.5:majority_vote + facebook/wav2vec2-base logistic mean_score default_0.5:mean_score,constrained_spec_ge_0.50,0.986,0.005477225575051666,0.34523809523809523,0.9813084112149533,0.9354838709677419,0.5043478260869565,0.6633845126835781,no,5,191,0,max_recall_subject_to_specificity_ge_0.50,105,2,55,29,"105,2,55,29"
42,majority_vote_ensemble,HuBERT logistic majority_vote default_0.5 + HuBERT+handcrafted logistic_regression_platt majority_vote default_0.5 + facebook/wav2vec2-base logistic mean_score default_0.5,hubert_only_logistic + hubert_plus_handcrafted_logistic_regression_platt + phaseC_second_embedding_logistic,speaker_level_component_scores,HuBERT logistic majority_vote default_0.5:majority_vote + HuBERT+handcrafted logistic_regression_platt majority_vote default_0.5:majority_vote + facebook/wav2vec2-base logistic mean_score default_0.5:mean_score,default_0.5,0.5,0.0,0.5238095238095238,0.7570093457943925,0.6285714285714286,0.5714285714285714,0.7082220738762794,no,5,191,0,fixed_default_probability_threshold,81,26,40,44,"81,26,40,44"
42,majority_vote_ensemble,HuBERT logistic majority_vote default_0.5 + HuBERT+handcrafted logistic_regression_platt majority_vote default_0.5 + facebook/wav2vec2-base logistic mean_score default_0.5,hubert_only_logistic + hubert_plus_handcrafted_logistic_regression_platt + phaseC_second_embedding_logistic,speaker_level_component_scores,HuBERT logistic majority_vote default_0.5:majority_vote + HuBERT+handcrafted logistic_regression_platt majority_vote default_0.5:majority_vote + facebook/wav2vec2-base logistic mean_score default_0.5:mean_score,constrained_spec_ge_0.50,0.9800000000000001,1.2412670766236366e-16,0.21428571428571427,1.0,1.0,0.35294117647058826,0.6794615042278593,no,5,191,0,max_recall_subject_to_specificity_ge_0.50,107,0,66,18,"107,0,66,18"
43,mean_probability_ensemble,HuBERT logistic majority_vote default_0.5 + HuBERT+handcrafted logistic_regression_platt majority_vote default_0.5 + facebook/wav2vec2-base logistic mean_score default_0.5,hubert_only_logistic + hubert_plus_handcrafted_logistic_regression_platt + phaseC_second_embedding_logistic,speaker_level_component_scores,HuBERT logistic majority_vote default_0.5:majority_vote + HuBERT+handcrafted logistic_regression_platt majority_vote default_0.5:majority_vote + facebook/wav2vec2-base logistic mean_score default_0.5:mean_score,default_0.5,0.5,0.0,0.4642857142857143,0.8691588785046729,0.7358490566037735,0.5693430656934306,0.6673342234089897,no,5,191,0,fixed_default_probability_threshold,93,14,45,39,"93,14,45,39"
43,mean_probability_ensemble,HuBERT logistic majority_vote default_0.5 + HuBERT+handcrafted logistic_regression_platt majority_vote default_0.5 + facebook/wav2vec2-base logistic mean_score default_0.5,hubert_only_logistic + hubert_plus_handcrafted_logistic_regression_platt + phaseC_second_embedding_logistic,speaker_level_component_scores,HuBERT logistic majority_vote default_0.5:majority_vote + HuBERT+handcrafted logistic_regression_platt majority_vote default_0.5:majority_vote + facebook/wav2vec2-base logistic mean_score default_0.5:mean_score,constrained_spec_ge_0.50,0.9800000000000001,1.2412670766236366e-16,0.05952380952380952,1.0,1.0,0.11235955056179775,0.614708500222519,no,5,191,0,max_recall_subject_to_specificity_ge_0.50,107,0,79,5,"107,0,79,5"
43,max_probability_ensemble,HuBERT logistic majority_vote default_0.5 + HuBERT+handcrafted logistic_regression_platt majority_vote default_0.5 + facebook/wav2vec2-base logistic mean_score default_0.5,hubert_only_logistic + hubert_plus_handcrafted_logistic_regression_platt + phaseC_second_embedding_logistic,speaker_level_component_scores,HuBERT logistic majority_vote default_0.5:majority_vote + HuBERT+handcrafted logistic_regression_platt majority_vote default_0.5:majority_vote + facebook/wav2vec2-base logistic mean_score default_0.5:mean_score,default_0.5,0.5,0.0,0.6785714285714286,0.7102803738317757,0.6477272727272727,0.6627906976744186,0.7027703604806408,no,5,191,0,fixed_default_probability_threshold,76,31,27,57,"76,31,27,57"
43,max_probability_ensemble,HuBERT logistic majority_vote default_0.5 + HuBERT+handcrafted logistic_regression_platt majority_vote default_0.5 + facebook/wav2vec2-base logistic mean_score default_0.5,hubert_only_logistic + hubert_plus_handcrafted_logistic_regression_platt + phaseC_second_embedding_logistic,speaker_level_component_scores,HuBERT logistic majority_vote default_0.5:majority_vote + HuBERT+handcrafted logistic_regression_platt majority_vote default_0.5:majority_vote + facebook/wav2vec2-base logistic mean_score default_0.5:mean_score,constrained_spec_ge_0.50,0.986,0.005477225575051666,0.3333333333333333,0.9813084112149533,0.9333333333333333,0.49122807017543857,0.6372385402759235,no,5,191,0,max_recall_subject_to_specificity_ge_0.50,105,2,56,28,"105,2,56,28"
43,majority_vote_ensemble,HuBERT logistic majority_vote default_0.5 + HuBERT+handcrafted logistic_regression_platt majority_vote default_0.5 + facebook/wav2vec2-base logistic mean_score default_0.5,hubert_only_logistic + hubert_plus_handcrafted_logistic_regression_platt + phaseC_second_embedding_logistic,speaker_level_component_scores,HuBERT logistic majority_vote default_0.5:majority_vote + HuBERT+handcrafted logistic_regression_platt majority_vote default_0.5:majority_vote + facebook/wav2vec2-base logistic mean_score default_0.5:mean_score,default_0.5,0.5,0.0,0.5119047619047619,0.8130841121495327,0.6825396825396826,0.5850340136054422,0.7046061415220294,no,5,191,0,fixed_default_probability_threshold,87,20,41,43,"87,20,41,43"
43,majority_vote_ensemble,HuBERT logistic majority_vote default_0.5 + HuBERT+handcrafted logistic_regression_platt majority_vote default_0.5 + facebook/wav2vec2-base logistic mean_score default_0.5,hubert_only_logistic + hubert_plus_handcrafted_logistic_regression_platt + phaseC_second_embedding_logistic,speaker_level_component_scores,HuBERT logistic majority_vote default_0.5:majority_vote + HuBERT+handcrafted logistic_regression_platt majority_vote default_0.5:majority_vote + facebook/wav2vec2-base logistic mean_score default_0.5:mean_score,constrained_spec_ge_0.50,0.9800000000000001,1.2412670766236366e-16,0.20238095238095238,1.0,1.0,0.33663366336633666,0.6614374721851358,no,5,191,0,max_recall_subject_to_specificity_ge_0.50,107,0,67,17,"107,0,67,17"
44,mean_probability_ensemble,HuBERT logistic majority_vote default_0.5 + HuBERT+handcrafted logistic_regression_platt majority_vote default_0.5 + facebook/wav2vec2-base logistic mean_score default_0.5,hubert_only_logistic + hubert_plus_handcrafted_logistic_regression_platt + phaseC_second_embedding_logistic,speaker_level_component_scores,HuBERT logistic majority_vote default_0.5:majority_vote + HuBERT+handcrafted logistic_regression_platt majority_vote default_0.5:majority_vote + facebook/wav2vec2-base logistic mean_score default_0.5:mean_score,default_0.5,0.5,0.0,0.42857142857142855,0.8691588785046729,0.72,0.5373134328358209,0.6469737427681354,no,5,191,0,fixed_default_probability_threshold,93,14,48,36,"93,14,48,36"
44,mean_probability_ensemble,HuBERT logistic majority_vote default_0.5 + HuBERT+handcrafted logistic_regression_platt majority_vote default_0.5 + facebook/wav2vec2-base logistic mean_score default_0.5,hubert_only_logistic + hubert_plus_handcrafted_logistic_regression_platt + phaseC_second_embedding_logistic,speaker_level_component_scores,HuBERT logistic majority_vote default_0.5:majority_vote + HuBERT+handcrafted logistic_regression_platt majority_vote default_0.5:majority_vote + facebook/wav2vec2-base logistic mean_score default_0.5:mean_score,constrained_spec_ge_0.50,0.9800000000000001,1.2412670766236366e-16,0.08333333333333333,0.9906542056074766,0.875,0.15217391304347827,0.6457498887405431,no,5,191,0,max_recall_subject_to_specificity_ge_0.50,106,1,77,7,"106,1,77,7"
44,max_probability_ensemble,HuBERT logistic majority_vote default_0.5 + HuBERT+handcrafted logistic_regression_platt majority_vote default_0.5 + facebook/wav2vec2-base logistic mean_score default_0.5,hubert_only_logistic + hubert_plus_handcrafted_logistic_regression_platt + phaseC_second_embedding_logistic,speaker_level_component_scores,HuBERT logistic majority_vote default_0.5:majority_vote + HuBERT+handcrafted logistic_regression_platt majority_vote default_0.5:majority_vote + facebook/wav2vec2-base logistic mean_score default_0.5:mean_score,default_0.5,0.5,0.0,0.6309523809523809,0.6542056074766355,0.5888888888888889,0.6091954022988506,0.6862483311081442,no,5,191,0,fixed_default_probability_threshold,70,37,31,53,"70,37,31,53"
44,max_probability_ensemble,HuBERT logistic majority_vote default_0.5 + HuBERT+handcrafted logistic_regression_platt majority_vote default_0.5 + facebook/wav2vec2-base logistic mean_score default_0.5,hubert_only_logistic + hubert_plus_handcrafted_logistic_regression_platt + phaseC_second_embedding_logistic,speaker_level_component_scores,HuBERT logistic majority_vote default_0.5:majority_vote + HuBERT+handcrafted logistic_regression_platt majority_vote default_0.5:majority_vote + facebook/wav2vec2-base logistic mean_score default_0.5:mean_score,constrained_spec_ge_0.50,0.986,0.005477225575051666,0.36904761904761907,0.9906542056074766,0.96875,0.5344827586206896,0.6766243880729863,no,5,191,0,max_recall_subject_to_specificity_ge_0.50,106,1,53,31,"106,1,53,31"
44,majority_vote_ensemble,HuBERT logistic majority_vote default_0.5 + HuBERT+handcrafted logistic_regression_platt majority_vote default_0.5 + facebook/wav2vec2-base logistic mean_score default_0.5,hubert_only_logistic + hubert_plus_handcrafted_logistic_regression_platt + phaseC_second_embedding_logistic,speaker_level_component_scores,HuBERT logistic majority_vote default_0.5:majority_vote + HuBERT+handcrafted logistic_regression_platt majority_vote default_0.5:majority_vote + facebook/wav2vec2-base logistic mean_score default_0.5:mean_score,default_0.5,0.5,0.0,0.4642857142857143,0.7757009345794392,0.6190476190476191,0.5306122448979592,0.656097018246551,no,5,191,0,fixed_default_probability_threshold,83,24,45,39,"83,24,45,39"
44,majority_vote_ensemble,HuBERT logistic majority_vote default_0.5 + HuBERT+handcrafted logistic_regression_platt majority_vote default_0.5 + facebook/wav2vec2-base logistic mean_score default_0.5,hubert_only_logistic + hubert_plus_handcrafted_logistic_regression_platt + phaseC_second_embedding_logistic,speaker_level_component_scores,HuBERT logistic majority_vote default_0.5:majority_vote + HuBERT+handcrafted logistic_regression_platt majority_vote default_0.5:majority_vote + facebook/wav2vec2-base logistic mean_score default_0.5:mean_score,constrained_spec_ge_0.50,0.984,0.0054772255750516665,0.19047619047619047,0.9906542056074766,0.9411764705882353,0.31683168316831684,0.6805740987983979,no,5,191,0,max_recall_subject_to_specificity_ge_0.50,106,1,68,16,"106,1,68,16"
45,mean_probability_ensemble,HuBERT logistic majority_vote default_0.5 + HuBERT+handcrafted logistic_regression_platt majority_vote default_0.5 + facebook/wav2vec2-base logistic mean_score default_0.5,hubert_only_logistic + hubert_plus_handcrafted_logistic_regression_platt + phaseC_second_embedding_logistic,speaker_level_component_scores,HuBERT logistic majority_vote default_0.5:majority_vote + HuBERT+handcrafted logistic_regression_platt majority_vote default_0.5:majority_vote + facebook/wav2vec2-base logistic mean_score default_0.5:mean_score,default_0.5,0.5,0.0,0.4880952380952381,0.897196261682243,0.7884615384615384,0.6029411764705882,0.6721183800623053,no,5,191,0,fixed_default_probability_threshold,96,11,43,41,"96,11,43,41"
45,mean_probability_ensemble,HuBERT logistic majority_vote default_0.5 + HuBERT+handcrafted logistic_regression_platt majority_vote default_0.5 + facebook/wav2vec2-base logistic mean_score default_0.5,hubert_only_logistic + hubert_plus_handcrafted_logistic_regression_platt + phaseC_second_embedding_logistic,speaker_level_component_scores,HuBERT logistic majority_vote default_0.5:majority_vote + HuBERT+handcrafted logistic_regression_platt majority_vote default_0.5:majority_vote + facebook/wav2vec2-base logistic mean_score default_0.5:mean_score,constrained_spec_ge_0.50,0.982,0.004472135954999583,0.11904761904761904,1.0,1.0,0.2127659574468085,0.6232754784156653,no,5,191,0,max_recall_subject_to_specificity_ge_0.50,107,0,74,10,"107,0,74,10"
45,max_probability_ensemble,HuBERT logistic majority_vote default_0.5 + HuBERT+handcrafted logistic_regression_platt majority_vote default_0.5 + facebook/wav2vec2-base logistic mean_score default_0.5,hubert_only_logistic + hubert_plus_handcrafted_logistic_regression_platt + phaseC_second_embedding_logistic,speaker_level_component_scores,HuBERT logistic majority_vote default_0.5:majority_vote + HuBERT+handcrafted logistic_regression_platt majority_vote default_0.5:majority_vote + facebook/wav2vec2-base logistic mean_score default_0.5:mean_score,default_0.5,0.5,0.0,0.6547619047619048,0.6915887850467289,0.625,0.6395348837209303,0.7003226524254562,no,5,191,0,fixed_default_probability_threshold,74,33,29,55,"74,33,29,55"
45,max_probability_ensemble,HuBERT logistic majority_vote default_0.5 + HuBERT+handcrafted logistic_regression_platt majority_vote default_0.5 + facebook/wav2vec2-base logistic mean_score default_0.5,hubert_only_logistic + hubert_plus_handcrafted_logistic_regression_platt + phaseC_second_embedding_logistic,speaker_level_component_scores,HuBERT logistic majority_vote default_0.5:majority_vote + HuBERT+handcrafted logistic_regression_platt majority_vote default_0.5:majority_vote + facebook/wav2vec2-base logistic mean_score default_0.5:mean_score,constrained_spec_ge_0.50,0.982,0.004472135954999583,0.39285714285714285,0.9813084112149533,0.9428571428571428,0.5546218487394958,0.6388518024032043,no,5,191,0,max_recall_subject_to_specificity_ge_0.50,105,2,51,33,"105,2,51,33"
45,majority_vote_ensemble,HuBERT logistic majority_vote default_0.5 + HuBERT+handcrafted logistic_regression_platt majority_vote default_0.5 + facebook/wav2vec2-base logistic mean_score default_0.5,hubert_only_logistic + hubert_plus_handcrafted_logistic_regression_platt + phaseC_second_embedding_logistic,speaker_level_component_scores,HuBERT logistic majority_vote default_0.5:majority_vote + HuBERT+handcrafted logistic_regression_platt majority_vote default_0.5:majority_vote + facebook/wav2vec2-base logistic mean_score default_0.5:mean_score,default_0.5,0.5,0.0,0.5238095238095238,0.794392523364486,0.6666666666666666,0.5866666666666667,0.7013239875389409,no,5,191,0,fixed_default_probability_threshold,85,22,40,44,"85,22,40,44"
45,majority_vote_ensemble,HuBERT logistic majority_vote default_0.5 + HuBERT+handcrafted logistic_regression_platt majority_vote default_0.5 + facebook/wav2vec2-base logistic mean_score default_0.5,hubert_only_logistic + hubert_plus_handcrafted_logistic_regression_platt + phaseC_second_embedding_logistic,speaker_level_component_scores,HuBERT logistic majority_vote default_0.5:majority_vote + HuBERT+handcrafted logistic_regression_platt majority_vote default_0.5:majority_vote + facebook/wav2vec2-base logistic mean_score default_0.5:mean_score,constrained_spec_ge_0.50,0.982,0.004472135954999583,0.20238095238095238,0.9906542056074766,0.9444444444444444,0.3333333333333333,0.6875834445927903,no,5,191,0,max_recall_subject_to_specificity_ge_0.50,106,1,67,17,"106,1,67,17"
46,mean_probability_ensemble,HuBERT logistic majority_vote default_0.5 + HuBERT+handcrafted logistic_regression_platt majority_vote default_0.5 + facebook/wav2vec2-base logistic mean_score default_0.5,hubert_only_logistic + hubert_plus_handcrafted_logistic_regression_platt + phaseC_second_embedding_logistic,speaker_level_component_scores,HuBERT logistic majority_vote default_0.5:majority_vote + HuBERT+handcrafted logistic_regression_platt majority_vote default_0.5:majority_vote + facebook/wav2vec2-base logistic mean_score default_0.5:mean_score,default_0.5,0.5,0.0,0.4166666666666667,0.8317757009345794,0.660377358490566,0.5109489051094891,0.6188251001335113,no,5,191,0,fixed_default_probability_threshold,89,18,49,35,"89,18,49,35"
46,mean_probability_ensemble,HuBERT logistic majority_vote default_0.5 + HuBERT+handcrafted logistic_regression_platt majority_vote default_0.5 + facebook/wav2vec2-base logistic mean_score default_0.5,hubert_only_logistic + hubert_plus_handcrafted_logistic_regression_platt + phaseC_second_embedding_logistic,speaker_level_component_scores,HuBERT logistic majority_vote default_0.5:majority_vote + HuBERT+handcrafted logistic_regression_platt majority_vote default_0.5:majority_vote + facebook/wav2vec2-base logistic mean_score default_0.5:mean_score,constrained_spec_ge_0.50,0.9800000000000001,1.2412670766236366e-16,0.05952380952380952,0.9906542056074766,0.8333333333333334,0.1111111111111111,0.591010235870049,no,5,191,0,max_recall_subject_to_specificity_ge_0.50,106,1,79,5,"106,1,79,5"
46,max_probability_ensemble,HuBERT logistic majority_vote default_0.5 + HuBERT+handcrafted logistic_regression_platt majority_vote default_0.5 + facebook/wav2vec2-base logistic mean_score default_0.5,hubert_only_logistic + hubert_plus_handcrafted_logistic_regression_platt + phaseC_second_embedding_logistic,speaker_level_component_scores,HuBERT logistic majority_vote default_0.5:majority_vote + HuBERT+handcrafted logistic_regression_platt majority_vote default_0.5:majority_vote + facebook/wav2vec2-base logistic mean_score default_0.5:mean_score,default_0.5,0.5,0.0,0.6309523809523809,0.6822429906542056,0.6091954022988506,0.6198830409356725,0.6582109479305741,no,5,191,0,fixed_default_probability_threshold,73,34,31,53,"73,34,31,53"
46,max_probability_ensemble,HuBERT logistic majority_vote default_0.5 + HuBERT+handcrafted logistic_regression_platt majority_vote default_0.5 + facebook/wav2vec2-base logistic mean_score default_0.5,hubert_only_logistic + hubert_plus_handcrafted_logistic_regression_platt + phaseC_second_embedding_logistic,speaker_level_component_scores,HuBERT logistic majority_vote default_0.5:majority_vote + HuBERT+handcrafted logistic_regression_platt majority_vote default_0.5:majority_vote + facebook/wav2vec2-base logistic mean_score default_0.5:mean_score,constrained_spec_ge_0.50,0.982,0.004472135954999584,0.3333333333333333,0.9626168224299065,0.875,0.4827586206896552,0.616878059635069,no,5,191,0,max_recall_subject_to_specificity_ge_0.50,103,4,56,28,"103,4,56,28"
46,majority_vote_ensemble,HuBERT logistic majority_vote default_0.5 + HuBERT+handcrafted logistic_regression_platt majority_vote default_0.5 + facebook/wav2vec2-base logistic mean_score default_0.5,hubert_only_logistic + hubert_plus_handcrafted_logistic_regression_platt + phaseC_second_embedding_logistic,speaker_level_component_scores,HuBERT logistic majority_vote default_0.5:majority_vote + HuBERT+handcrafted logistic_regression_platt majority_vote default_0.5:majority_vote + facebook/wav2vec2-base logistic mean_score default_0.5:mean_score,default_0.5,0.5,0.0,0.44047619047619047,0.7570093457943925,0.5873015873015873,0.5034013605442177,0.6603248776145971,no,5,191,0,fixed_default_probability_threshold,81,26,47,37,"81,26,47,37"
46,majority_vote_ensemble,HuBERT logistic majority_vote default_0.5 + HuBERT+handcrafted logistic_regression_platt majority_vote default_0.5 + facebook/wav2vec2-base logistic mean_score default_0.5,hubert_only_logistic + hubert_plus_handcrafted_logistic_regression_platt + phaseC_second_embedding_logistic,speaker_level_component_scores,HuBERT logistic majority_vote default_0.5:majority_vote + HuBERT+handcrafted logistic_regression_platt majority_vote default_0.5:majority_vote + facebook/wav2vec2-base logistic mean_score default_0.5:mean_score,constrained_spec_ge_0.50,0.982,0.004472135954999584,0.19047619047619047,0.9906542056074766,0.9411764705882353,0.31683168316831684,0.6492545616377392,no,5,191,0,max_recall_subject_to_specificity_ge_0.50,106,1,68,16,"106,1,68,16"
